260629_Emseq_LV_index_E1_Bap1_Math1_adult_ctrl_M1_S1	chrUn_GL456378	243
260629_Emseq_LV_index_E1_Bap1_Math1_adult_ctrl_M1_S1	chrUn_GL456379	134
260629_Emseq_LV_index_E1_Bap1_Math1_adult_ctrl_M1_S1	chrUn_GL456392	19
260629_Emseq_LV_index_E1_Bap1_Math1_adult_ctrl_M1_S1	chrUn_GL456393	3468
260629_Emseq_LV_index_E1_Bap1_Math1_adult_ctrl_M1_S1	chrUn_GL456394	752
260629_Emseq_LV_index_E1_Bap1_Math1_adult_ctrl_M1_S1	chrUn_GL456396	0
260629_Emseq_LV_index_E1_Bap1_Math1_adult_ctrl_M1_S1	chr1	1637467
260629_Emseq_LV_index_E1_Bap1_Math1_adult_ctrl_M1_S1	chr2	1666492
260629_Emseq_LV_index_E1_Bap1_Math1_adult_ctrl_M1_S1	chr3	1211032
260629_Emseq_LV_index_E1_Bap1_Math1_adult_ctrl_M1_S1	chr4	1404805
260629_Emseq_LV_index_E1_Bap1_Math1_adult_ctrl_M1_S1	chr5	1378730
260629_Emseq_LV_index_E1_Bap1_Math1_adult_ctrl_M1_S1	chr6	1346476
260629_Emseq_LV_index_E1_Bap1_Math1_adult_ctrl_M1_S1	chr7	1251477
260629_Emseq_LV_index_E1_Bap1_Math1_adult_ctrl_M1_S1	chr8	1160911
260629_Emseq_LV_index_E1_Bap1_Math1_adult_ctrl_M1_S1	chr9	1258239
260629_Emseq_LV_index_E1_Bap1_Math1_adult_ctrl_M1_S1	chrM	11081
260629_Emseq_LV_index_E1_Bap1_Math1_adult_ctrl_M1_S1	phage_Xp12	0
260629_Emseq_LV_index_E1_Bap1_Math1_adult_ctrl_M1_S1	chrX	382976
260629_Emseq_LV_index_E1_Bap1_Math1_adult_ctrl_M1_S1	chrY	149676
260629_Emseq_LV_index_E1_Bap1_Math1_adult_ctrl_M1_S1	chrX_GL456233_random	311
260629_Emseq_LV_index_E1_Bap1_Math1_adult_ctrl_M1_S1	chrUn_GL456360	75
260629_Emseq_LV_index_E1_Bap1_Math1_adult_ctrl_M1_S1	chrUn_GL456366	93
260629_Emseq_LV_index_E1_Bap1_Math1_adult_ctrl_M1_S1	chrUn_GL456367	91
260629_Emseq_LV_index_E1_Bap1_Math1_adult_ctrl_M1_S1	chrUn_GL456368	73
260629_Emseq_LV_index_E1_Bap1_Math1_adult_ctrl_M1_S1	chrUn_GL456381	1072
260629_Emseq_LV_index_E1_Bap1_Math1_adult_ctrl_M1_S1	chr5_JH584297_random	546
260629_Emseq_LV_index_E1_Bap1_Math1_adult_ctrl_M1_S1	chrUn_GL456382	34
260629_Emseq_LV_index_E1_Bap1_Math1_adult_ctrl_M1_S1	chrUn_GL456383	2
260629_Emseq_LV_index_E1_Bap1_Math1_adult_ctrl_M1_S1	chrUn_GL456385	67
260629_Emseq_LV_index_E1_Bap1_Math1_adult_ctrl_M1_S1	chr5_JH584296_random	498
260629_Emseq_LV_index_E1_Bap1_Math1_adult_ctrl_M1_S1	chrUn_GL456387	2428
260629_Emseq_LV_index_E1_Bap1_Math1_adult_ctrl_M1_S1	phage_T4	0
260629_Emseq_LV_index_E1_Bap1_Math1_adult_ctrl_M1_S1	chrUn_GL456389	14
260629_Emseq_LV_index_E1_Bap1_Math1_adult_ctrl_M1_S1	chr5_JH584299_random	2659
260629_Emseq_LV_index_E1_Bap1_Math1_adult_ctrl_M1_S1	chr5_JH584298_random	469
260629_Emseq_LV_index_E1_Bap1_Math1_adult_ctrl_M1_S1	chrY_JH584300_random	278
260629_Emseq_LV_index_E1_Bap1_Math1_adult_ctrl_M1_S1	phage_lambda	964
260629_Emseq_LV_index_E1_Bap1_Math1_adult_ctrl_M1_S1	chr5_GL456354_random	562
260629_Emseq_LV_index_E1_Bap1_Math1_adult_ctrl_M1_S1	chr10	998492
260629_Emseq_LV_index_E1_Bap1_Math1_adult_ctrl_M1_S1	chr11	1201635
260629_Emseq_LV_index_E1_Bap1_Math1_adult_ctrl_M1_S1	chr12	1060088
260629_Emseq_LV_index_E1_Bap1_Math1_adult_ctrl_M1_S1	chr13	937546
260629_Emseq_LV_index_E1_Bap1_Math1_adult_ctrl_M1_S1	chrY_JH584302_random	171
260629_Emseq_LV_index_E1_Bap1_Math1_adult_ctrl_M1_S1	chr14	1037298
260629_Emseq_LV_index_E1_Bap1_Math1_adult_ctrl_M1_S1	chrUn_GL456239	2700
260629_Emseq_LV_index_E1_Bap1_Math1_adult_ctrl_M1_S1	chr15	936664
260629_Emseq_LV_index_E1_Bap1_Math1_adult_ctrl_M1_S1	chr16	828170
260629_Emseq_LV_index_E1_Bap1_Math1_adult_ctrl_M1_S1	chr17	820192
260629_Emseq_LV_index_E1_Bap1_Math1_adult_ctrl_M1_S1	chrY_JH584301_random	404
260629_Emseq_LV_index_E1_Bap1_Math1_adult_ctrl_M1_S1	chr18	778129
260629_Emseq_LV_index_E1_Bap1_Math1_adult_ctrl_M1_S1	chr19	491694
260629_Emseq_LV_index_E1_Bap1_Math1_adult_ctrl_M1_S1	chr7_GL456219_random	143
260629_Emseq_LV_index_E1_Bap1_Math1_adult_ctrl_M1_S1	chrY_JH584303_random	210
260629_Emseq_LV_index_E1_Bap1_Math1_adult_ctrl_M1_S1	chr4_GL456216_random	341
260629_Emseq_LV_index_E1_Bap1_Math1_adult_ctrl_M1_S1	chr4_JH584293_random	731
260629_Emseq_LV_index_E1_Bap1_Math1_adult_ctrl_M1_S1	chr1_GL456211_random	2952
260629_Emseq_LV_index_E1_Bap1_Math1_adult_ctrl_M1_S1	chr4_JH584292_random	115
260629_Emseq_LV_index_E1_Bap1_Math1_adult_ctrl_M1_S1	chr1_GL456210_random	2128
260629_Emseq_LV_index_E1_Bap1_Math1_adult_ctrl_M1_S1	chr4_JH584295_random	11
260629_Emseq_LV_index_E1_Bap1_Math1_adult_ctrl_M1_S1	plasmid_puc19c	175
260629_Emseq_LV_index_E1_Bap1_Math1_adult_ctrl_M1_S1	chrUn_JH584304	14826
260629_Emseq_LV_index_E1_Bap1_Math1_adult_ctrl_M1_S1	chr1_GL456213_random	150
260629_Emseq_LV_index_E1_Bap1_Math1_adult_ctrl_M1_S1	chr4_JH584294_random	781
260629_Emseq_LV_index_E1_Bap1_Math1_adult_ctrl_M1_S1	chr1_GL456221_random	2942
260629_Emseq_LV_index_E1_Bap1_Math1_adult_ctrl_M1_S1	chr1_GL456212_random	2656
260629_Emseq_LV_index_E1_Bap1_Math1_adult_ctrl_M1_S1	chrUn_GL456370	660
260629_Emseq_LV_index_E1_Bap1_Math1_adult_ctrl_M1_S1	chrUn_GL456372	238
260629_Emseq_LV_index_E1_Bap1_Math1_adult_ctrl_M1_S1	chrUn_GL456359	107
260629_Emseq_LV_index_E1_Bap1_Math1_adult_ctrl_M1_S1	chr4_GL456350_random	694
260629_Emseq_LV_index_E1_Bap1_Math1_adult_ctrl_M1_S1	chrUn_GL456390	0
