bin	ew_ctrl	ew_ctrl_se	ew_mut	ew_mut_se	ew_delta	pooled_ctrl	pooled_mut	pooled_delta	mut_shift_pp	ctrl_shift_pp	delta_shift_pp
1	0.0186842001027444	0.000787743554251655	0.0194487261971506	0.00170363085162248	0.000764526094406203	0.021156035121304	0.0225939783849901	0.00143794326368609	0.314525218783951	0.247183501855962	0.0673417169279891
2	0.0185248884027781	0.000811891120373668	0.0192766753285236	0.00159797280002732	0.000751786925745526	0.0210905050745455	0.0224429663856392	0.00135246131109372	0.316629105711565	0.256561667176746	0.0600674385348197
3	0.0184338737938976	0.000817484175396038	0.0191319297053844	0.00156538663520741	0.000698055911486768	0.0209074245444032	0.0221801352552643	0.0012727107108611	0.304820554987993	0.24735507505056	0.0574654799374331
4	0.0183883690067043	0.000835812744680125	0.0189918294901044	0.001550098815027	0.000603460483400053	0.0208147392921053	0.0219841986089435	0.00116945931683819	0.299236911883918	0.242637028540105	0.0565998833438133
5	0.0183219668700055	0.000835321854119534	0.0189204978527292	0.00154349410503673	0.000598530982723638	0.0207407435440031	0.0218578779420479	0.00111713439804483	0.293738008931878	0.241877667399758	0.0518603415321194
6	0.01826550748081	0.000823540928680827	0.0188401560741098	0.00154587199989992	0.000574648593299802	0.0207149395249764	0.021773793990463	0.00105885446548667	0.293363791635321	0.244943204416634	0.0484205872186873
7	0.0182371688746358	0.000812757188445587	0.0187750124728647	0.00154925600820698	0.000537843598228904	0.0206981382371842	0.0217499210075066	0.00105178277032239	0.297490853464188	0.24609693625484	0.0513939172093483
8	0.0181741820704182	0.000824913373325318	0.0187178581953858	0.00155028536058555	0.000543676124967547	0.0206116808731087	0.0216999666934063	0.00108828582029763	0.298210849802053	0.243749880269045	0.0544609695330083
9	0.0181330960026957	0.000826008521363676	0.0186582119968556	0.00155144164483657	0.0005251159941599	0.0205662272872267	0.0216048774514561	0.00103865016422936	0.294666545460047	0.2433131284531	0.0513534170069465
10	0.0181178676856262	0.000817724362404049	0.0186171559957363	0.00155354311367458	0.000499288310110112	0.0206370767160432	0.0216275297754491	0.000990453059405885	0.301037377971278	0.251920903041701	0.0491164749295774
11	0.0180870928084245	0.000837363917804894	0.0185748329871173	0.00156051548994684	0.000487740178692804	0.0206657603167734	0.0216629774223906	0.000997217105617169	0.308814443527328	0.257866750834891	0.0509476926924365
12	0.0180528547758183	0.000856281090856509	0.0185249824849367	0.00156009782722601	0.000472127709118458	0.0206734555826029	0.0216234432929859	0.000949987710383023	0.309846080804917	0.26206008067846	0.0477860001264565
13	0.0180117915136756	0.000849536790490302	0.0184521906685303	0.00155468745201827	0.000440399154854689	0.0206650085556773	0.0215849616229828	0.000919953067305496	0.313277095445247	0.265321704200166	0.0479553912450807
14	0.0179855500191786	0.000851941022183782	0.0184414882791799	0.0015440322671322	0.000455938260001294	0.020649993140986	0.0215904096480172	0.000940416507031167	0.314892136883731	0.266444312180744	0.0484478247029872
15	0.0179296866583439	0.000833266953623658	0.0183878331684801	0.00155210542421413	0.000458146510136134	0.0206421343926024	0.0215754761364732	0.000933341743870813	0.318764296799312	0.271244773425845	0.0475195233734679
16	0.0178858762108631	0.000842875029630634	0.0183014939964844	0.00155147836068724	0.000415617785621235	0.02057848338655	0.021456826699433	0.00087834331288298	0.315533270294859	0.269260717568684	0.0462725527261745
17	0.0178694873108357	0.000846916570327427	0.0182755880595892	0.00155552097811283	0.000406100748753486	0.0204113177736239	0.0213189211722503	0.000907603398626382	0.304333311266116	0.254183046278826	0.0501502649872896
18	0.0178321559886961	0.000847373104949911	0.0182421604094364	0.00155737159887328	0.000410004420740313	0.0204594059774691	0.0213466951869588	0.000887289209489727	0.31045347775224	0.262724998877298	0.0477284788749414
19	0.0177797118330475	0.000841103005942793	0.0181943180841242	0.00155011309086792	0.000414606251076616	0.020361522546113	0.021266028425304	0.000904505879190956	0.307171034117981	0.258181071306547	0.048989962811434
20	0.0177722402119145	0.000838839243147222	0.0181723633516162	0.00154767614327107	0.000400123139701693	0.0205038012262791	0.02144200301563	0.000938201789350921	0.326963966401382	0.27315610143646	0.0538078649649228
21	0.0177579366407245	0.000831369984602688	0.0181311613235777	0.0015441430437325	0.000373224682853231	0.0205366712363178	0.0214450014591099	0.000908330222792124	0.331384013553224	0.277873459559334	0.0535105539938893
22	0.0177444411110513	0.000833419997058671	0.018082313833915	0.00152975135387355	0.000337872722863723	0.0204867816444137	0.0213285727878264	0.000841791143412728	0.32462589539114	0.274234053336239	0.0503918420549004
23	0.0177370864830601	0.000852157478187956	0.0180251915512831	0.0015332035981957	0.00028810506822298	0.020416131350769	0.0212227871544459	0.000806655803676892	0.319759560316277	0.267904486770886	0.0518550735453913
24	0.017720543886583	0.00084992215963179	0.0179925305822821	0.00153974468043584	0.00027198669569917	0.0204597098876839	0.0212876326520913	0.000827922764407373	0.329510206980912	0.273916600110092	0.0555936068708202
25	0.017704093911506	0.000874031811827398	0.0179700318738479	0.00154827288964983	0.000265937962341849	0.0205489870297942	0.0213726574648909	0.000823670435096732	0.340262559104304	0.284489311828815	0.0557732472754882
26	0.0176648576698293	0.000875842043672461	0.0179693704509801	0.0015472409388515	0.000304512781150779	0.0206296091742526	0.0214723433751564	0.000842734200903791	0.350297292417632	0.296475150442331	0.0538221419753012
27	0.0176314945553822	0.00087748255903672	0.0179362442281216	0.00155308108229626	0.000304749672739413	0.0205097894453226	0.0213286027535303	0.000818813308207704	0.339235852540867	0.287829488994038	0.0514063635468291
28	0.0175659278401716	0.000887483033894428	0.0178745689218986	0.00153670548909453	0.000308641081726933	0.0204794788169104	0.0212974428650139	0.000817964048103491	0.342287394311537	0.291355097673881	0.0509322966376558
29	0.0175304384350859	0.000864517665500443	0.0178130047793137	0.00153636704455358	0.000282566344227818	0.0204086266046233	0.0212644579058714	0.000855831301248118	0.34514531265577	0.28781881695374	0.05732649570203
30	0.0174705572034162	0.000863384652429074	0.0177543429283252	0.00154065650660319	0.000283785724908989	0.0203514920611095	0.0211195287097411	0.000768036648631679	0.336518578141597	0.288093485769328	0.0484250923722691
31	0.0174370159043087	0.000844121077401655	0.0177275343418929	0.001528586219709	0.000290518437584195	0.0203626267806025	0.0211206407952667	0.00075801401466424	0.339310645337386	0.292561087629381	0.0467495577080045
32	0.0174216828412152	0.000840430795793211	0.017707876769569	0.00152623612553828	0.000286193928353856	0.0202626959517387	0.021057424385373	0.000794728433634356	0.3349547615804	0.28410131105235	0.0508534505280499
33	0.0174095065526039	0.000839008337659321	0.0176842864813001	0.00152361794206704	0.00027477992869613	0.0201929562602313	0.0209522491048266	0.000759292844595343	0.326796262352652	0.278344970762731	0.0484512915899214
34	0.0173764495065832	0.00084225508259325	0.0176454273942169	0.00152339972291062	0.000268977887633717	0.0200913712873562	0.0208520582808502	0.000760686993494065	0.32066308866333	0.271492178077296	0.0491709105860348
35	0.017342210939988	0.000843699838097935	0.0176004634638841	0.00152695960922705	0.000258252523896114	0.0199949601581627	0.0207458621447827	0.000750901986620034	0.314539868089859	0.265274921817467	0.0492649462723919
36	0.0173603467896651	0.000831489743116664	0.0176131387428654	0.00153677656247317	0.000252791953200274	0.0200590507640989	0.020854411544275	0.000795360780176155	0.324127280140968	0.26987039744338	0.054256882697588
37	0.017337125522971	0.000828713485615296	0.0175654468689338	0.00153976531717298	0.000228321345962821	0.0199575434144092	0.0207774913179206	0.000819947903511344	0.32120444489868	0.262041789143827	0.0591626557548523
38	0.0173112601277152	0.00083581533317826	0.0175305862740695	0.00152922799563949	0.000219326146354292	0.0199225484022128	0.0206751155178975	0.000752567115684683	0.314452924382793	0.261128827449754	0.0533240969330391
39	0.0173316591742305	0.000844597617431254	0.0175311270984847	0.00151616493048765	0.000199467924254248	0.0198444579284441	0.0206159604117829	0.000771502483338824	0.308483331329823	0.251279875421366	0.0572034559084576
40	0.0172726018069142	0.000841326640239924	0.0174801883843355	0.0015179994009705	0.00020758657742128	0.0197584707233071	0.0204948191003725	0.000736348377065366	0.301463071603696	0.248586891639288	0.0528761799644086
41	0.0172292952780099	0.000852199503493246	0.0174388428901797	0.0015164304852951	0.000209547612169837	0.0196804749914561	0.0203490747380693	0.000668599746613166	0.291023184788955	0.245117971344622	0.0459052134443329
42	0.0171942687417114	0.000855767846615329	0.017417902570946	0.00152354321275926	0.000223633829234689	0.0196714313324687	0.02037250470853	0.000701073376061363	0.2954602137584	0.247716259075732	0.0477439546826674
43	0.0171357814919772	0.000853826033664656	0.0173678181942799	0.00151191958961324	0.000232036702302787	0.0196570233035743	0.0203462550759171	0.000689231772342799	0.297843688163719	0.252124181159718	0.0457195070040013
44	0.0170706906079793	0.000847252068171355	0.0173184284725981	0.00150029932141401	0.000247737864618767	0.0195084801380275	0.020241353381431	0.000732873243403438	0.292292490883285	0.243778953004818	0.0485135378784671
45	0.017033798395482	0.000834435977088528	0.0173251927134716	0.00150741397661121	0.000291394317989604	0.0193985069480622	0.0202389585449199	0.000840451596857673	0.291376583144828	0.236470855258021	0.054905727886807
46	0.0170101860601906	0.000854837130340046	0.0172838740703417	0.00149430323347842	0.000273688010151079	0.0192856450777468	0.0199938307384836	0.000708185660736792	0.270995666814191	0.22754590175562	0.0434497650585713
47	0.0169794201995924	0.000831158115161085	0.0172643752058732	0.00149714888733376	0.000284955006280799	0.0194304475473322	0.0202143686672713	0.000783921119939062	0.294999346139803	0.245102734773977	0.0498966113658263
48	0.0169054381706214	0.00083125556774816	0.0172007687853142	0.00149545314706374	0.000295330614692762	0.0192740409998827	0.0200242401910051	0.000750199191122347	0.282347140569087	0.236860282926129	0.0454868576429585
49	0.0168615505802094	0.000840201017510619	0.0171302823347317	0.00149471445556676	0.000268731754522279	0.0189411745518271	0.0196471185525147	0.00070594400068761	0.251683621778304	0.207962397161771	0.043721224616533
50	0.0166695529990354	0.000825398956088099	0.0169908043417645	0.00148300339978241	0.000321251342729062	0.018438555585265	0.0192553307281043	0.000816775142839305	0.226452638633981	0.176900258622957	0.0495523800110243
