state_family	state	n_genes	n_hyper	n_hypo	n_sig	pct_hyper	pct_hypo	pct_sig	median_mch_diff	median_abs_mch_diff	odds_ratio_Hypermethylated	odds_ratio_Hypomethylated	ci_lower_Hypermethylated	ci_lower_Hypomethylated	ci_upper_Hypermethylated	ci_upper_Hypomethylated	p_value_Hypermethylated	p_value_Hypomethylated	q_value_Hypermethylated	q_value_Hypomethylated
Gene-body state	Active	6555	366	2010	2376	5.58352402745995	30.6636155606407	36.2471395881007	0.000305525208227913	0.00119215935287476	3.0624772931134	1.77157709835741	2.6043440136913	1.65666829552766	3.60460370051915	1.89415963937885	2.53039397340365e-43	1.05763996378189e-62	8.85637890691277e-43	7.40347974647322e-62
Gene-body state	Mixed	519	65	226	291	12.52408477842	43.5452793834297	56.0693641618497	5.42453878470128e-05	0.0016843844754406	4.96513844216736	2.61306046693627	3.71886081954353	2.18014643643776	6.54239514947838	3.1289595056561	1.96668650481581e-22	6.34476916482596e-25	4.58893517790355e-22	1.61503215104661e-24
Gene-body state	Polycomb	3322	84	1044	1128	2.52859723058399	31.426851294401	33.955448524985	-0.000211864664331796	0.00144629244160478	0.80076234102084	1.64581921357844	0.626924056521296	1.51549774080574	1.01218799002738	1.78680736634049	0.0612906202374444	8.17127799002551e-32	0.0686454946659378	2.28795783720714e-31
Gene-body state	Enhancer_Marked	5470	108	1228	1336	1.97440585009141	22.4497257769653	24.4241316270567	0.000217670063515753	0.00118131554010277	0.569447518614082	0.93716972579517	0.457597738414044	0.870005965004928	0.703304165139764	1.00915211605711	2.7593263019647e-08	0.0839471710935447	4.54477273264774e-08	0.0904046457930481
Gene-body state	Unmarked	5206	18	402	420	0.345754898194391	7.72185939300807	8.06761429120246	0.000597915146214214	0.00141800200087937	0.0848943287194852	0.210849670227864	0.0499389568159542	0.188885093268859	0.135471787277514	0.234882710393369	1.12104487228886e-54	4.65074136815362e-243	6.27785128481761e-54	1.30220758308301e-241
Promoter state	Active_Promoter	6178	234	2009	2243	3.78763353836193	32.5186144383296	36.3062479766915	0.000240425173258311	0.00108202463636418	1.40124655743461	1.99213077714015	1.18454407603853	1.86204149995128	1.6546183178518	2.13113474701159	7.09789803449508e-05	1.14308330342096e-88	0.000110411747203257	1.06687774985957e-87
Promoter state	Bivalent_Promoter	286	31	91	122	10.8391608391608	31.8181818181818	42.6573426573427	7.56283096923771e-05	0.00233119910991977	4.02046284605023	1.54619028236027	2.65220559916002	1.18952105444565	5.9092380658401	1.99746800359892	1.01589682509323e-09	0.000901115018346926	1.89634074017404e-09	0.001327958974406
Promoter state	Repressed_Promoter	2774	90	815	905	3.24441240086518	29.379956741168	32.6243691420332	-0.000123779956854609	0.00148897051371734	1.08004187719107	1.44291629613175	0.851310796343863	1.31855864789333	1.35720349142216	1.5779977466515	0.513870234823978	1.95013609367916e-15	0.513870234823978	3.90027218735832e-15
Promoter state	Unmarked_Promoter	11834	286	1995	2281	2.41676525266182	16.8582051715396	19.2749704242015	0.000382287706290809	0.00135709198373557	0.619738622740957	0.439837086603657	0.52716490895734	0.411836246818244	0.728057720824356	0.469651197840865	3.09979549863484e-09	1.58770226027359e-137	5.42464212261096e-09	2.22278316438303e-136
