state_kind	state	n_genes	n_sig	n_hyper	n_hypo	pct_sig	pct_hyper	pct_hypo	median_mch_diff	median_edger_logFC
Promoter state	Active_Promoter	6190	2245	234	2011	36.2681744749596	3.78029079159935	32.4878836833603	0.000241818534192788	-0.182648764738883
Promoter state	Bivalent_Promoter	286	122	31	91	42.6573426573427	10.8391608391608	31.8181818181818	7.56283096923771e-05	-0.137771739998499
Promoter state	Repressed_Promoter	2775	906	90	816	32.6486486486486	3.24324324324324	29.4054054054054	-0.000123244805415354	-0.169058062901989
Promoter state	Unmarked_Promoter	11846	2284	287	1997	19.2807698801283	2.42275873712646	16.8580111430019	0.000382287706290809	-0.167878196879854
Gene-body state	Active	6566	2378	367	2011	36.2168748096253	5.58939993908011	30.6274748705452	0.000306916650235498	-0.16701242585841
Gene-body state	Mixed	520	291	65	226	55.9615384615385	12.5	43.4615384615385	5.80997098132107e-05	-0.133914530692467
Gene-body state	Polycomb	3324	1130	84	1046	33.9951865222623	2.52707581227437	31.468110709988	-0.000211864664331796	-0.175880347992012
Gene-body state	Enhancer_Marked	5477	1338	108	1230	24.4294321708965	1.97188241738178	22.4575497535147	0.000217748452104394	-0.182234303302517
Gene-body state	Unmarked	5210	420	18	402	8.06142034548944	0.345489443378119	7.71593090211132	0.000597915146214214	-0.172215019264741
