false_positive_rate	true_positive_rate	threshold
0	0	Inf
0.000823723228995044	0	0.838485025857603
0.00164744645799009	0	0.791231256183852
0.00247116968698513	0	0.763646403388659
0.00247116968698513	0.00662251655629139	0.746437877422701
0.00329489291598029	0.00662251655629139	0.725296493285084
0.00329489291598029	0.0132450331125828	0.699763602633047
0.00329489291598029	0.0198675496688742	0.677296866939441
0.00411861614497533	0.0198675496688742	0.650521766904023
0.00411861614497533	0.0264900662251656	0.60299355553252
0.00494233937397037	0.0264900662251656	0.578781310548836
0.00494233937397037	0.033112582781457	0.575909248748586
0.00576606260296542	0.033112582781457	0.573896874232044
0.00576606260296542	0.0397350993377483	0.565309874465739
0.00576606260296542	0.0463576158940397	0.550651398208538
0.00658978583196046	0.0463576158940397	0.529619182321097
0.0074135090609555	0.0463576158940397	0.514363931294991
0.00823723228995055	0.0463576158940397	0.507071328874541
0.00823723228995055	0.0529801324503311	0.500205758226469
0.00823723228995055	0.0596026490066225	0.497960646811411
0.00906095551894559	0.0596026490066225	0.494757983159493
0.00988467874794074	0.0596026490066225	0.487072339489243
0.0107084019769358	0.0596026490066225	0.476497248412481
0.0115321252059308	0.0596026490066225	0.472625569368742
0.0115321252059308	0.0662251655629139	0.466704137037568
0.0115321252059308	0.0728476821192053	0.456569456866526
0.0123558484349259	0.0728476821192053	0.451235805316273
0.0123558484349259	0.0794701986754967	0.449099943278714
0.0123558484349259	0.0860927152317881	0.44293373608844
0.0131795716639209	0.0860927152317881	0.435666400921048
0.014003294892916	0.0860927152317881	0.433212534290087
0.014827018121911	0.0860927152317881	0.432707194969922
0.0156507413509061	0.0860927152317881	0.429564586239102
0.0156507413509061	0.0927152317880795	0.425957099810476
0.0156507413509061	0.0993377483443709	0.425187464004302
0.0164744645799012	0.0993377483443709	0.418780723933466
0.0172981878088962	0.0993377483443709	0.408524062461301
0.0172981878088962	0.105960264900662	0.404480473997616
0.0181219110378913	0.105960264900662	0.401365953862953
0.0189456342668863	0.105960264900662	0.397456795847066
0.0197693574958814	0.105960264900662	0.389153037287297
0.0205930807248764	0.105960264900662	0.380343880395668
0.0214168039538715	0.105960264900662	0.376606253083966
0.0214168039538715	0.112582781456954	0.370609879408946
0.0214168039538715	0.119205298013245	0.366514215945655
0.0222405271828665	0.119205298013245	0.365479312447169
0.0222405271828665	0.125827814569536	0.359850251806692
0.0230642504118617	0.125827814569536	0.354054241583279
0.0238879736408567	0.125827814569536	0.349187386617897
0.0247116968698518	0.125827814569536	0.345045240847522
0.0255354200988468	0.125827814569536	0.34280708150868
0.0263591433278418	0.125827814569536	0.340022359419841
0.0271828665568369	0.125827814569536	0.339175886838204
0.0271828665568369	0.132450331125828	0.336936211010117
0.0271828665568369	0.139072847682119	0.334919206054041
0.0271828665568369	0.145695364238411	0.334797456153004
0.0280065897858319	0.145695364238411	0.33439891521748
0.028830313014827	0.145695364238411	0.333896677162643
0.0296540362438221	0.145695364238411	0.332966221320209
0.0296540362438221	0.152317880794702	0.331671625351739
0.0296540362438221	0.158940397350993	0.331029345106415
0.0304777594728172	0.158940397350993	0.329830456807459
0.0313014827018122	0.158940397350993	0.327884789045504
0.0313014827018122	0.165562913907285	0.326921227692008
0.0321252059308073	0.165562913907285	0.326656796933219
0.0321252059308073	0.172185430463576	0.325311459476719
0.0329489291598023	0.172185430463576	0.321000842371951
0.0337726523887973	0.172185430463576	0.316534924842582
0.0337726523887973	0.178807947019868	0.314328496803839
0.0345963756177924	0.178807947019868	0.310540616496708
0.0354200988467874	0.178807947019868	0.306053729017658
0.0362438220757826	0.178807947019868	0.302739125263972
0.0370675453047776	0.178807947019868	0.299416833896457
0.0378912685337727	0.178807947019868	0.29629547545347
0.0378912685337727	0.185430463576159	0.291509011099863
0.0387149917627677	0.185430463576159	0.287074150614052
0.0395387149917628	0.185430463576159	0.285293227551776
0.0403624382207578	0.185430463576159	0.284648172622099
0.0411861614497528	0.185430463576159	0.284245218218978
0.0411861614497528	0.19205298013245	0.282617900136531
0.0411861614497528	0.198675496688742	0.281093147930066
0.0420098846787479	0.198675496688742	0.280793270547056
0.042833607907743	0.198675496688742	0.280363872264156
0.0436573311367381	0.198675496688742	0.27883133762113
0.0444810543657331	0.198675496688742	0.275868128705102
0.0453047775947282	0.198675496688742	0.273765327382325
0.0453047775947282	0.205298013245033	0.272572577153276
0.0453047775947282	0.211920529801325	0.271228651816689
0.0453047775947282	0.218543046357616	0.270294099006709
0.0453047775947282	0.225165562913907	0.269106697232836
0.0453047775947282	0.231788079470199	0.267824067185069
0.0453047775947282	0.23841059602649	0.266859771592015
0.0461285008237232	0.23841059602649	0.266424349357414
0.0469522240527183	0.23841059602649	0.265849103284972
0.0469522240527183	0.245033112582781	0.264950187210258
0.0477759472817133	0.245033112582781	0.264275165386414
0.0485996705107083	0.245033112582781	0.263883206161669
0.0494233937397035	0.245033112582781	0.263556779607054
0.0502471169686985	0.245033112582781	0.262582585442072
0.0502471169686985	0.251655629139073	0.261811490450044
0.0510708401976936	0.251655629139073	0.261638820131157
0.0510708401976936	0.258278145695364	0.261434521573625
0.0518945634266886	0.258278145695364	0.260832699411424
0.0518945634266886	0.264900662251656	0.260115385728505
0.0518945634266886	0.271523178807947	0.25991648441508
0.0527182866556837	0.271523178807947	0.259832879766949
0.0535420098846787	0.271523178807947	0.259244649270306
0.0543657331136738	0.271523178807947	0.258287249458244
0.0551894563426688	0.271523178807947	0.256139203922364
0.056013179571664	0.271523178807947	0.254312543004326
0.056836902800659	0.271523178807947	0.252833030404457
0.056836902800659	0.278145695364238	0.251418189725864
0.056836902800659	0.28476821192053	0.251340030251617
0.057660626029654	0.28476821192053	0.250932542410759
0.0584843492586491	0.28476821192053	0.249593725333308
0.0593080724876441	0.28476821192053	0.248346475955977
0.0601317957166392	0.28476821192053	0.247978196575917
0.0601317957166392	0.291390728476821	0.245705168703885
0.0609555189456342	0.291390728476821	0.243480231079501
0.0617792421746294	0.291390728476821	0.242378972066192
0.0626029654036244	0.291390728476821	0.240976466447058
0.0634266886326195	0.291390728476821	0.239812405066013
0.0642504118616145	0.291390728476821	0.238159385814101
0.0642504118616145	0.298013245033113	0.235996738316267
0.0642504118616145	0.304635761589404	0.234319195713
0.0642504118616145	0.311258278145695	0.233913912623264
0.0650741350906096	0.311258278145695	0.233200601229864
0.0658978583196046	0.311258278145695	0.232403034905233
0.0667215815485996	0.311258278145695	0.232080667165832
0.0675453047775947	0.311258278145695	0.231201482500053
0.0675453047775947	0.317880794701987	0.228540103727218
0.0683690280065898	0.317880794701987	0.226291684461965
0.0691927512355849	0.317880794701987	0.225686948331869
0.0700164744645799	0.317880794701987	0.224689379562505
0.070840197693575	0.317880794701987	0.223442912854962
0.070840197693575	0.324503311258278	0.22264830207614
0.07166392092257	0.324503311258278	0.221353640914221
0.0724876441515651	0.324503311258278	0.220120233582165
0.0733113673805601	0.324503311258278	0.219704526439404
0.0741350906095551	0.324503311258278	0.218697395827584
0.0749588138385503	0.324503311258278	0.217746396127376
0.0749588138385503	0.33112582781457	0.21697849992583
0.0757825370675453	0.33112582781457	0.216367336533741
0.0766062602965404	0.33112582781457	0.216022050888947
0.0766062602965404	0.337748344370861	0.215610193151241
0.0766062602965404	0.344370860927152	0.215362636303148
0.0774299835255354	0.344370860927152	0.214955127219284
0.0782537067545305	0.344370860927152	0.214424229231625
0.0790774299835255	0.344370860927152	0.212568279352989
0.0799011532125206	0.344370860927152	0.210765584225622
0.0807248764415156	0.344370860927152	0.210278345074821
0.0815485996705108	0.344370860927152	0.209854747697106
0.0823723228995058	0.344370860927152	0.209016023042717
0.0831960461285008	0.344370860927152	0.208038603708282
0.0840197693574959	0.344370860927152	0.207257618333816
0.0848434925864909	0.344370860927152	0.206153982348122
0.085667215815486	0.344370860927152	0.205284203976547
0.085667215815486	0.350993377483444	0.204426334426367
0.086490939044481	0.350993377483444	0.203734720833055
0.0873146622734761	0.350993377483444	0.203391712048539
0.0881383855024712	0.350993377483444	0.202950325314795
0.0889621087314663	0.350993377483444	0.202697814692164
0.0889621087314663	0.357615894039735	0.202437522984312
0.0889621087314663	0.364238410596026	0.20158984349811
0.0897858319604613	0.364238410596026	0.200934293859939
0.0906095551894563	0.364238410596026	0.200630531691212
0.0914332784184514	0.364238410596026	0.200214593566094
0.0922570016474464	0.364238410596026	0.200042240323282
0.0930807248764415	0.364238410596026	0.199959128286283
0.0930807248764415	0.370860927152318	0.199760968516791
0.0930807248764415	0.377483443708609	0.199584376484064
0.0939044481054365	0.377483443708609	0.19902347191371
0.0947281713344317	0.377483443708609	0.1984321695919
0.0955518945634267	0.377483443708609	0.19829628351488
0.0955518945634267	0.384105960264901	0.198198422939565
0.0963756177924218	0.384105960264901	0.197903590966844
0.0963756177924218	0.390728476821192	0.197569021205695
0.0971993410214168	0.390728476821192	0.19729003860955
0.0980230642504119	0.390728476821192	0.197005727584394
0.0988467874794069	0.390728476821192	0.196610916469102
0.0996705107084019	0.390728476821192	0.196135431108758
0.100494233937397	0.390728476821192	0.19582846696855
0.101317957166392	0.390728476821192	0.195568098194422
0.102141680395387	0.390728476821192	0.195077392207609
0.102965403624382	0.390728476821192	0.194260681666728
0.102965403624382	0.397350993377483	0.19341388825352
0.102965403624382	0.403973509933775	0.192811476973659
0.102965403624382	0.410596026490066	0.19127616348623
0.103789126853377	0.410596026490066	0.189869935939065
0.104612850082372	0.410596026490066	0.189804767825269
0.104612850082372	0.417218543046358	0.189746250068212
0.104612850082372	0.423841059602649	0.189674431924713
0.105436573311367	0.423841059602649	0.18931976686315
0.106260296540362	0.423841059602649	0.18873329789655
0.107084019769357	0.423841059602649	0.188200056916901
0.107084019769357	0.43046357615894	0.187874317844358
0.107907742998353	0.43046357615894	0.187472239773958
0.108731466227348	0.43046357615894	0.187132532897523
0.109555189456343	0.43046357615894	0.187091805241187
0.110378912685338	0.43046357615894	0.187026167320268
0.111202635914333	0.43046357615894	0.186870828913876
0.112026359143328	0.43046357615894	0.186720215001091
0.112026359143328	0.437086092715232	0.186224593974133
0.112850082372323	0.437086092715232	0.18560933857974
0.113673805601318	0.437086092715232	0.185001824676948
0.114497528830313	0.437086092715232	0.184260790537664
0.115321252059308	0.437086092715232	0.183271160627106
0.115321252059308	0.443708609271523	0.18216966404024
0.115321252059308	0.450331125827815	0.181522700096443
0.115321252059308	0.456953642384106	0.181019225668014
0.116144975288303	0.456953642384106	0.180768304088968
0.116968698517298	0.456953642384106	0.180668103115692
0.117792421746293	0.456953642384106	0.180251390256035
0.118616144975288	0.456953642384106	0.179762600024301
0.119439868204283	0.456953642384106	0.179592942892454
0.120263591433278	0.456953642384106	0.17954796310953
0.121087314662274	0.456953642384106	0.179259230537611
0.121911037891269	0.456953642384106	0.17884101940407
0.122734761120264	0.456953642384106	0.178502808306182
0.123558484349259	0.456953642384106	0.177842503577633
0.124382207578254	0.456953642384106	0.176878010052933
0.125205930807249	0.456953642384106	0.176377879828268
0.126029654036244	0.456953642384106	0.176098996686163
0.126853377265239	0.456953642384106	0.175618101166856
0.127677100494234	0.456953642384106	0.175273142295874
0.127677100494234	0.463576158940397	0.175135578191839
0.128500823723229	0.463576158940397	0.174893279919204
0.129324546952224	0.463576158940397	0.174659790701542
0.129324546952224	0.470198675496689	0.174543129912033
0.129324546952224	0.47682119205298	0.173521638300243
0.130148270181219	0.47682119205298	0.17242640542645
0.130148270181219	0.483443708609272	0.172161407570187
0.130971993410214	0.483443708609272	0.171984783743634
0.131795716639209	0.483443708609272	0.171455145052189
0.132619439868204	0.483443708609272	0.170857784229024
0.133443163097199	0.483443708609272	0.169809755092207
0.133443163097199	0.490066225165563	0.168274381873274
0.134266886326194	0.490066225165563	0.167515045175965
0.135090609555189	0.490066225165563	0.167290411262112
0.135090609555189	0.496688741721854	0.167085548994278
0.135090609555189	0.503311258278146	0.166958680995446
0.135914332784185	0.503311258278146	0.166863340534908
0.13673805601318	0.503311258278146	0.166727028174811
0.137561779242175	0.503311258278146	0.166643382241867
0.13838550247117	0.503311258278146	0.166391816804987
0.139209225700165	0.503311258278146	0.166018719000855
0.14003294892916	0.503311258278146	0.165780417511027
0.140856672158155	0.503311258278146	0.1645788766113
0.14168039538715	0.503311258278146	0.163478130522786
0.142504118616145	0.503311258278146	0.163394180919648
0.14332784184514	0.503311258278146	0.16296498834056
0.144151565074135	0.503311258278146	0.161442528065538
0.14497528830313	0.503311258278146	0.160168666162725
0.145799011532125	0.503311258278146	0.159985347506161
0.14662273476112	0.503311258278146	0.159849807244669
0.147446457990115	0.503311258278146	0.159637273037943
0.14827018121911	0.503311258278146	0.159360471468238
0.149093904448105	0.503311258278146	0.158958578607902
0.1499176276771	0.503311258278146	0.158599463136778
0.150741350906096	0.503311258278146	0.158497127510559
0.151565074135091	0.503311258278146	0.158391964928475
0.152388797364086	0.503311258278146	0.158115871432226
0.153212520593081	0.503311258278146	0.157878482637533
0.154036243822076	0.503311258278146	0.157621409404723
0.154859967051071	0.503311258278146	0.157300870084065
0.155683690280066	0.503311258278146	0.15703603943898
0.156507413509061	0.503311258278146	0.156789821411099
0.157331136738056	0.503311258278146	0.156652989186274
0.158154859967051	0.503311258278146	0.155922602376361
0.158154859967051	0.509933774834437	0.155190402052825
0.158978583196046	0.509933774834437	0.154853944822863
0.159802306425041	0.509933774834437	0.154397707231583
0.159802306425041	0.516556291390728	0.154136504560519
0.160626029654036	0.516556291390728	0.153869189106144
0.161449752883031	0.516556291390728	0.153323417445339
0.162273476112026	0.516556291390728	0.152762031452746
0.163097199341021	0.516556291390728	0.152196339273448
0.163920922570016	0.516556291390728	0.151739256744803
0.164744645799011	0.516556291390728	0.150718318962068
0.165568369028007	0.516556291390728	0.14968404432645
0.166392092257002	0.516556291390728	0.149552721597737
0.166392092257002	0.52317880794702	0.148900295595819
0.167215815485997	0.52317880794702	0.14825956424949
0.168039538714992	0.52317880794702	0.148149072517014
0.168863261943987	0.52317880794702	0.147996651611939
0.169686985172982	0.52317880794702	0.147833050188063
0.169686985172982	0.529801324503311	0.147486040620899
0.170510708401977	0.529801324503311	0.146876422820505
0.171334431630972	0.529801324503311	0.145973765016148
0.172158154859967	0.529801324503311	0.145372124709676
0.172981878088962	0.529801324503311	0.145181405792155
0.172981878088962	0.536423841059603	0.145042885001061
0.173805601317957	0.536423841059603	0.145026186813842
0.173805601317957	0.543046357615894	0.144986969071569
0.174629324546952	0.543046357615894	0.144764210053768
0.174629324546952	0.549668874172185	0.144462864290334
0.175453047775947	0.549668874172185	0.144120901044169
0.176276771004942	0.549668874172185	0.143423399150938
0.177100494233937	0.549668874172185	0.142841962474491
0.177924217462932	0.549668874172185	0.142659252184701
0.178747940691928	0.549668874172185	0.142544783643283
0.178747940691928	0.556291390728477	0.142378188591858
0.178747940691928	0.562913907284768	0.142219553746772
0.179571663920923	0.562913907284768	0.14215561251032
0.180395387149918	0.562913907284768	0.142044933858702
0.181219110378913	0.562913907284768	0.141823868285949
0.182042833607908	0.562913907284768	0.141566150683596
0.182042833607908	0.56953642384106	0.14144038055782
0.182866556836903	0.56953642384106	0.141386392421706
0.183690280065898	0.56953642384106	0.141323562884584
0.184514003294893	0.56953642384106	0.141269672786492
0.185337726523888	0.56953642384106	0.141101671160073
0.186161449752883	0.56953642384106	0.140962738650151
0.186985172981878	0.56953642384106	0.140784795224135
0.187808896210873	0.56953642384106	0.140269106066665
0.188632619439868	0.56953642384106	0.139729609110336
0.189456342668863	0.56953642384106	0.139131135838334
0.189456342668863	0.576158940397351	0.138519761534335
0.190280065897858	0.576158940397351	0.138231607487437
0.190280065897858	0.582781456953642	0.137923616353733
0.190280065897858	0.589403973509934	0.137623770512769
0.191103789126853	0.589403973509934	0.137550214139677
0.191927512355848	0.589403973509934	0.137315318007181
0.192751235584844	0.589403973509934	0.136958252203561
0.193574958813839	0.589403973509934	0.13674434102696
0.193574958813839	0.596026490066225	0.136607868796547
0.194398682042834	0.596026490066225	0.13646821565079
0.195222405271829	0.596026490066225	0.136374183463411
0.196046128500824	0.596026490066225	0.136366942391943
0.196869851729819	0.596026490066225	0.136178664073431
0.197693574958814	0.596026490066225	0.135930671479304
0.198517298187809	0.596026490066225	0.135706250855285
0.199341021416804	0.596026490066225	0.135497184087043
0.200164744645799	0.596026490066225	0.135404103049296
0.200988467874794	0.596026490066225	0.135357534403979
0.201812191103789	0.596026490066225	0.135242344641935
0.202635914332784	0.596026490066225	0.135030169687591
0.203459637561779	0.596026490066225	0.134680816235495
0.204283360790774	0.596026490066225	0.134359002216139
0.204283360790774	0.602649006622517	0.134219758524357
0.205107084019769	0.602649006622517	0.13415126496043
0.205930807248764	0.602649006622517	0.134121039149631
0.205930807248764	0.609271523178808	0.13393196418705
0.206754530477759	0.609271523178808	0.133629565241326
0.207578253706755	0.609271523178808	0.133386331830574
0.20840197693575	0.609271523178808	0.133096346050674
0.209225700164745	0.609271523178808	0.132882885856064
0.21004942339374	0.609271523178808	0.132545849042997
0.210873146622735	0.609271523178808	0.131744859738257
0.21169686985173	0.609271523178808	0.131180479662521
0.212520593080725	0.609271523178808	0.131051697460573
0.21334431630972	0.609271523178808	0.130712951397642
0.214168039538715	0.609271523178808	0.130368216290384
0.214168039538715	0.615894039735099	0.13021923947384
0.21499176276771	0.615894039735099	0.13009763147619
0.215815485996705	0.615894039735099	0.129964429179634
0.2166392092257	0.615894039735099	0.129796099400347
0.217462932454695	0.615894039735099	0.129668810175836
0.21828665568369	0.615894039735099	0.129567356060332
0.21828665568369	0.622516556291391	0.129451163079307
0.219110378912685	0.622516556291391	0.129224151897442
0.219110378912685	0.629139072847682	0.128951217706239
0.21993410214168	0.629139072847682	0.128616504078163
0.220757825370675	0.629139072847682	0.128309492821701
0.22158154859967	0.629139072847682	0.128066990929899
0.222405271828666	0.629139072847682	0.127833107240393
0.223228995057661	0.629139072847682	0.127742796546258
0.224052718286656	0.629139072847682	0.127698516687591
0.224876441515651	0.629139072847682	0.127334074196122
0.225700164744646	0.629139072847682	0.126871166778894
0.226523887973641	0.629139072847682	0.126717998914912
0.227347611202636	0.629139072847682	0.126635750089027
0.228171334431631	0.629139072847682	0.126521873270049
0.228995057660626	0.629139072847682	0.126311281718641
0.229818780889621	0.629139072847682	0.126120268437058
0.230642504118616	0.629139072847682	0.126012175954372
0.231466227347611	0.629139072847682	0.125926621725528
0.232289950576606	0.629139072847682	0.125800964416105
0.233113673805601	0.629139072847682	0.125471742796353
0.233937397034596	0.629139072847682	0.125215308320331
0.234761120263591	0.629139072847682	0.124915956888907
0.235584843492586	0.629139072847682	0.124514192448062
0.235584843492586	0.635761589403974	0.124011554299009
0.236408566721582	0.635761589403974	0.123600044347815
0.237232289950577	0.635761589403974	0.12340078043429
0.238056013179572	0.635761589403974	0.123247992833818
0.238879736408567	0.635761589403974	0.123183685061805
0.239703459637562	0.635761589403974	0.12289830177456
0.239703459637562	0.642384105960265	0.122507661138018
0.240527182866557	0.642384105960265	0.122331277005919
0.240527182866557	0.649006622516556	0.122285082742065
0.241350906095552	0.649006622516556	0.122176950756863
0.242174629324547	0.649006622516556	0.122093446568611
0.242998352553542	0.649006622516556	0.122031354852129
0.243822075782537	0.649006622516556	0.121803506987181
0.244645799011532	0.649006622516556	0.121443469407648
0.245469522240527	0.649006622516556	0.121200569587026
0.246293245469522	0.649006622516556	0.121096171846428
0.247116968698517	0.649006622516556	0.121015024024885
0.247940691927512	0.649006622516556	0.120982064222922
0.248764415156507	0.649006622516556	0.120745310380742
0.249588138385502	0.649006622516556	0.120360884929799
0.250411861614498	0.649006622516556	0.120186835901768
0.251235584843493	0.649006622516556	0.120015806063332
0.252059308072488	0.649006622516556	0.119823335740577
0.252883031301483	0.649006622516556	0.119716610173079
0.253706754530478	0.649006622516556	0.119559537465498
0.253706754530478	0.655629139072848	0.119324188164917
0.253706754530478	0.662251655629139	0.119134373924531
0.254530477759473	0.662251655629139	0.119032609851959
0.254530477759473	0.66887417218543	0.118890843924738
0.254530477759473	0.675496688741722	0.118675949400072
0.254530477759473	0.682119205298013	0.118534899505095
0.255354200988468	0.682119205298013	0.118386513881634
0.256177924217463	0.682119205298013	0.11818815516859
0.257001647446458	0.682119205298013	0.118083577796011
0.257825370675453	0.682119205298013	0.11769867686333
0.258649093904448	0.682119205298013	0.117289296915993
0.259472817133443	0.682119205298013	0.117197970139173
0.260296540362438	0.682119205298013	0.117143907478112
0.261120263591433	0.682119205298013	0.117116134091979
0.261943986820428	0.682119205298013	0.116999107208934
0.262767710049423	0.682119205298013	0.116597841920395
0.263591433278418	0.682119205298013	0.116241560312009
0.264415156507414	0.682119205298013	0.116014415014258
0.265238879736409	0.682119205298013	0.115527224843771
0.266062602965404	0.682119205298013	0.1151876259926
0.266886326194399	0.682119205298013	0.115047158544715
0.267710049423394	0.682119205298013	0.11467670487249
0.268533772652389	0.682119205298013	0.11443407904406
0.269357495881384	0.682119205298013	0.114226453628028
0.270181219110379	0.682119205298013	0.114020080666155
0.271004942339374	0.682119205298013	0.113934427935873
0.271828665568369	0.682119205298013	0.11373668161697
0.272652388797364	0.682119205298013	0.113563966730559
0.273476112026359	0.682119205298013	0.113463673368503
0.274299835255354	0.682119205298013	0.113360805411447
0.275123558484349	0.682119205298013	0.113237670533066
0.275947281713344	0.682119205298013	0.113122858296551
0.276771004942339	0.682119205298013	0.112987649026009
0.276771004942339	0.688741721854305	0.112893807002857
0.277594728171334	0.688741721854305	0.112862469737767
0.27841845140033	0.688741721854305	0.112172775485919
0.279242174629325	0.688741721854305	0.111363242410473
0.28006589785832	0.688741721854305	0.111113683510962
0.28006589785832	0.695364238410596	0.110937957746483
0.280889621087315	0.695364238410596	0.110863648231687
0.28171334431631	0.695364238410596	0.110802882831308
0.282537067545305	0.695364238410596	0.110739023125615
0.2833607907743	0.695364238410596	0.110604978494279
0.284184514003295	0.695364238410596	0.110397974645952
0.28500823723229	0.695364238410596	0.110045213550848
0.285831960461285	0.695364238410596	0.109714783825579
0.28665568369028	0.695364238410596	0.109613579143508
0.287479406919275	0.695364238410596	0.109527170320452
0.287479406919275	0.701986754966887	0.109432934789026
0.287479406919275	0.708609271523179	0.10935566695909
0.28830313014827	0.708609271523179	0.109290858472062
0.289126853377265	0.708609271523179	0.109098740102702
0.28995057660626	0.708609271523179	0.108905846440625
0.290774299835255	0.708609271523179	0.108721562146229
0.29159802306425	0.708609271523179	0.108470697773584
0.292421746293245	0.708609271523179	0.108350022714327
0.293245469522241	0.708609271523179	0.108331984064022
0.294069192751236	0.708609271523179	0.108242861980785
0.294069192751236	0.71523178807947	0.108142845277763
0.294892915980231	0.71523178807947	0.108109839708025
0.295716639209226	0.71523178807947	0.108043965678965
0.296540362438221	0.71523178807947	0.107979425449891
0.297364085667216	0.71523178807947	0.107937478212178
0.298187808896211	0.71523178807947	0.107908374677828
0.299011532125206	0.71523178807947	0.107821100312395
0.299835255354201	0.71523178807947	0.107718901513092
0.300658978583196	0.71523178807947	0.107633172296601
0.300658978583196	0.721854304635762	0.107441968606862
0.301482701812191	0.721854304635762	0.107174403468641
0.302306425041186	0.721854304635762	0.107016812769369
0.303130148270181	0.721854304635762	0.106996873179109
0.303953871499176	0.721854304635762	0.106986494994773
0.304777594728171	0.721854304635762	0.106946933264851
0.305601317957166	0.721854304635762	0.106859146609123
0.306425041186161	0.721854304635762	0.106653547837264
0.307248764415156	0.721854304635762	0.106406898754063
0.308072487644152	0.721854304635762	0.106226595838866
0.308896210873147	0.721854304635762	0.106069606176454
0.309719934102142	0.721854304635762	0.105909819376085
0.310543657331137	0.721854304635762	0.105822446358127
0.311367380560132	0.721854304635762	0.105736730253909
0.312191103789127	0.721854304635762	0.105449761726431
0.313014827018122	0.721854304635762	0.105213404691623
0.313838550247117	0.721854304635762	0.105094454877585
0.314662273476112	0.721854304635762	0.104909555409827
0.314662273476112	0.728476821192053	0.104731984166083
0.315485996705107	0.728476821192053	0.104628607418722
0.316309719934102	0.728476821192053	0.104490017410183
0.317133443163097	0.728476821192053	0.104281807213125
0.317957166392092	0.728476821192053	0.104164853320945
0.318780889621087	0.728476821192053	0.104125179379362
0.318780889621087	0.735099337748344	0.103882047006488
0.318780889621087	0.741721854304636	0.103637500787981
0.319604612850082	0.741721854304636	0.103488849808533
0.320428336079077	0.741721854304636	0.103282995654788
0.321252059308072	0.741721854304636	0.103152813443896
0.322075782537068	0.741721854304636	0.102964297943782
0.322899505766063	0.741721854304636	0.102772761763245
0.323723228995058	0.741721854304636	0.102676311546622
0.324546952224053	0.741721854304636	0.102578104337554
0.324546952224053	0.748344370860927	0.102471105273217
0.325370675453048	0.748344370860927	0.102302810337739
0.326194398682043	0.748344370860927	0.10217639025098
0.327018121911038	0.748344370860927	0.102045487706174
0.327841845140033	0.748344370860927	0.101640442678981
0.328665568369028	0.748344370860927	0.101333610803163
0.329489291598023	0.748344370860927	0.101288540024503
0.330313014827018	0.748344370860927	0.10124540016949
0.331136738056013	0.748344370860927	0.101211176486597
0.331960461285008	0.748344370860927	0.101174619893655
0.332784184514003	0.748344370860927	0.101145035016955
0.333607907742998	0.748344370860927	0.100952793457341
0.334431630971993	0.748344370860927	0.100618409137762
0.335255354200989	0.748344370860927	0.10038719976016
0.336079077429984	0.748344370860927	0.100123740325785
0.336902800658979	0.748344370860927	0.0999461431046359
0.337726523887974	0.748344370860927	0.0998827187955934
0.338550247116969	0.748344370860927	0.0997822583694422
0.339373970345964	0.748344370860927	0.0996067538057465
0.340197693574959	0.748344370860927	0.0992757526918706
0.341021416803954	0.748344370860927	0.0990157077789266
0.341021416803954	0.754966887417219	0.0989109113105862
0.341845140032949	0.754966887417219	0.0988014472332717
0.342668863261944	0.754966887417219	0.0987263305504207
0.343492586490939	0.754966887417219	0.0986065234295539
0.344316309719934	0.754966887417219	0.0984890363680481
0.345140032948929	0.754966887417219	0.0984860043712129
0.345963756177924	0.754966887417219	0.0984828272616776
0.346787479406919	0.754966887417219	0.0984621481900238
0.347611202635914	0.754966887417219	0.0984399072666499
0.348434925864909	0.754966887417219	0.0984007298848511
0.349258649093904	0.754966887417219	0.0981214495051053
0.3500823723229	0.754966887417219	0.0978661108537398
0.350906095551895	0.754966887417219	0.0977557179236107
0.35172981878089	0.754966887417219	0.0974788719567409
0.352553542009885	0.754966887417219	0.0972835821887998
0.35337726523888	0.754966887417219	0.0971876359464367
0.354200988467875	0.754966887417219	0.0970689154719697
0.35502471169687	0.754966887417219	0.0968530950445506
0.355848434925865	0.754966887417219	0.0966437777820299
0.35667215815486	0.754966887417219	0.0965347189246107
0.357495881383855	0.754966887417219	0.0964181961006614
0.35831960461285	0.754966887417219	0.09635802387997
0.359143327841845	0.754966887417219	0.0963127536983594
0.35996705107084	0.754966887417219	0.0962155021470405
0.360790774299835	0.754966887417219	0.096141911239658
0.36161449752883	0.754966887417219	0.0961154217638825
0.362438220757825	0.754966887417219	0.0960345811715254
0.36326194398682	0.754966887417219	0.0958986400843939
0.364085667215815	0.754966887417219	0.0956185261570572
0.364909390444811	0.754966887417219	0.0954039153392128
0.365733113673806	0.754966887417219	0.0953833027396995
0.366556836902801	0.754966887417219	0.0953488867126483
0.367380560131796	0.754966887417219	0.0952518685177062
0.368204283360791	0.754966887417219	0.0951468417210811
0.369028006589786	0.754966887417219	0.0950383808040531
0.369851729818781	0.754966887417219	0.0949586072979194
0.370675453047776	0.754966887417219	0.094917548842383
0.371499176276771	0.754966887417219	0.0947291735165677
0.371499176276771	0.76158940397351	0.0945117368938879
0.372322899505766	0.76158940397351	0.0944208273724762
0.372322899505766	0.768211920529801	0.0943318686920087
0.372322899505766	0.774834437086093	0.0940077239356691
0.372322899505766	0.781456953642384	0.0937384052401834
0.373146622734761	0.781456953642384	0.0936861938060725
0.373970345963756	0.781456953642384	0.0936369544846352
0.374794069192751	0.781456953642384	0.093619493317985
0.375617792421746	0.781456953642384	0.0934691501465876
0.376441515650741	0.781456953642384	0.0931709183772401
0.377265238879736	0.781456953642384	0.0929757479754715
0.378088962108731	0.781456953642384	0.0928983350705936
0.378912685337726	0.781456953642384	0.0927567335357305
0.379736408566722	0.781456953642384	0.09244192029332
0.380560131795717	0.781456953642384	0.0921619853821567
0.380560131795717	0.788079470198676	0.0920745610270526
0.381383855024712	0.788079470198676	0.0920337987524087
0.382207578253707	0.788079470198676	0.0919138818357389
0.383031301482702	0.788079470198676	0.0918055256849112
0.383855024711697	0.788079470198676	0.0917121850971167
0.384678747940692	0.788079470198676	0.0916223581239893
0.385502471169687	0.788079470198676	0.0915242270773061
0.386326194398682	0.788079470198676	0.0914136849842851
0.387149917627677	0.788079470198676	0.091398759325885
0.387973640856672	0.788079470198676	0.0913349111101973
0.388797364085667	0.788079470198676	0.0912121163479516
0.389621087314662	0.788079470198676	0.0909542018348085
0.390444810543657	0.788079470198676	0.0907501242651862
0.391268533772652	0.788079470198676	0.0906018266078936
0.392092257001647	0.788079470198676	0.0904427833680721
0.392915980230643	0.788079470198676	0.0903728780521341
0.392915980230643	0.794701986754967	0.0903173990347621
0.393739703459638	0.794701986754967	0.0902527419533063
0.393739703459638	0.801324503311258	0.0901152913398064
0.393739703459638	0.80794701986755	0.0900191486195413
0.394563426688633	0.80794701986755	0.0899419586536613
0.394563426688633	0.814569536423841	0.089847795369056
0.395387149917628	0.814569536423841	0.0897787566234187
0.396210873146623	0.814569536423841	0.0896567169241671
0.397034596375618	0.814569536423841	0.0895340350139329
0.397858319604613	0.814569536423841	0.0894946011912897
0.398682042833608	0.814569536423841	0.0894675861631949
0.399505766062603	0.814569536423841	0.0894110293630433
0.400329489291598	0.814569536423841	0.0893472802580913
0.401153212520593	0.814569536423841	0.0891488722342582
0.401976935749588	0.814569536423841	0.0889353736708716
0.402800658978583	0.814569536423841	0.0888344169762626
0.403624382207578	0.814569536423841	0.0887596084968077
0.404448105436573	0.814569536423841	0.0886759916224564
0.405271828665568	0.814569536423841	0.0884813389430967
0.406095551894563	0.814569536423841	0.0882697726707024
0.406919275123559	0.814569536423841	0.0881367393714249
0.407742998352554	0.814569536423841	0.0880603191528541
0.408566721581549	0.814569536423841	0.0880018545436659
0.409390444810544	0.814569536423841	0.087841016545594
0.410214168039539	0.814569536423841	0.0876875505765188
0.410214168039539	0.821192052980132	0.0876534176293557
0.411037891268534	0.821192052980132	0.0875702167271612
0.411861614497529	0.821192052980132	0.0873994416607553
0.412685337726524	0.821192052980132	0.0872242697284889
0.413509060955519	0.821192052980132	0.0871397171820382
0.414332784184514	0.821192052980132	0.0871054315339373
0.415156507413509	0.821192052980132	0.0869304407431553
0.415980230642504	0.821192052980132	0.0865722340451656
0.416803953871499	0.821192052980132	0.0862538688114377
0.417627677100494	0.821192052980132	0.0859823549549385
0.418451400329489	0.821192052980132	0.0855751945869393
0.419275123558484	0.821192052980132	0.0852659091229156
0.420098846787479	0.821192052980132	0.0851965861756966
0.420922570016474	0.821192052980132	0.0851721236888028
0.42174629324547	0.821192052980132	0.0851168863027564
0.422570016474465	0.821192052980132	0.0850061167346119
0.42339373970346	0.821192052980132	0.0849244459015166
0.424217462932455	0.821192052980132	0.0848590983804317
0.42504118616145	0.821192052980132	0.0847272550064073
0.425864909390445	0.821192052980132	0.0845362840851486
0.42668863261944	0.821192052980132	0.0843806211005802
0.427512355848435	0.821192052980132	0.0843178198656452
0.42833607907743	0.821192052980132	0.0842883541655994
0.429159802306425	0.821192052980132	0.0842647398020886
0.42998352553542	0.821192052980132	0.0842073162718351
0.430807248764415	0.821192052980132	0.0841203741305767
0.43163097199341	0.821192052980132	0.0840653923434195
0.432454695222405	0.821192052980132	0.0839257303772208
0.4332784184514	0.821192052980132	0.0836837170096961
0.434102141680395	0.821192052980132	0.0835698479255793
0.43492586490939	0.821192052980132	0.0835213910483016
0.435749588138385	0.821192052980132	0.0833926718677104
0.436573311367381	0.821192052980132	0.0832554519453027
0.437397034596376	0.821192052980132	0.0831379979157987
0.438220757825371	0.821192052980132	0.083050451681037
0.439044481054366	0.821192052980132	0.0830172905429928
0.439868204283361	0.821192052980132	0.0828628036246737
0.440691927512356	0.821192052980132	0.0823723961013886
0.441515650741351	0.821192052980132	0.0819808968002493
0.442339373970346	0.821192052980132	0.0819286721444023
0.442339373970346	0.827814569536424	0.0819092861362974
0.443163097199341	0.827814569536424	0.08186097324311
0.443986820428336	0.827814569536424	0.0818185956967858
0.444810543657331	0.827814569536424	0.0817871976296242
0.444810543657331	0.834437086092715	0.0817552323734283
0.445634266886326	0.834437086092715	0.0817165019188551
0.446457990115321	0.834437086092715	0.0814305303708061
0.447281713344316	0.834437086092715	0.0811360821598585
0.448105436573311	0.834437086092715	0.0810632940567799
0.448929159802306	0.834437086092715	0.0810179765996745
0.449752883031301	0.834437086092715	0.0807985854731178
0.450576606260296	0.834437086092715	0.0805228120015283
0.451400329489292	0.834437086092715	0.0804382756293043
0.451400329489292	0.841059602649007	0.0804121668396401
0.452224052718287	0.841059602649007	0.080359105929926
0.453047775947282	0.841059602649007	0.0801544356376417
0.453871499176277	0.841059602649007	0.0799755248129742
0.454695222405272	0.841059602649007	0.0799391085050059
0.455518945634267	0.841059602649007	0.0798548668591438
0.456342668863262	0.841059602649007	0.0797666525478465
0.457166392092257	0.841059602649007	0.0797119875495868
0.457990115321252	0.841059602649007	0.0796709424201499
0.458813838550247	0.841059602649007	0.0795542351196389
0.459637561779242	0.841059602649007	0.0793826732433198
0.459637561779242	0.847682119205298	0.0792279094337495
0.460461285008237	0.847682119205298	0.0790847681241071
0.461285008237232	0.847682119205298	0.0790103477548215
0.462108731466227	0.847682119205298	0.078960587321619
0.462932454695222	0.847682119205298	0.0789001756321737
0.463756177924217	0.847682119205298	0.0788679275647645
0.464579901153213	0.847682119205298	0.0787944545255731
0.465403624382208	0.847682119205298	0.0787138218847284
0.466227347611203	0.847682119205298	0.078677219815951
0.467051070840198	0.847682119205298	0.0785432652375344
0.467874794069193	0.847682119205298	0.0784187601375038
0.468698517298188	0.847682119205298	0.0783750921723832
0.469522240527183	0.847682119205298	0.0783120283288135
0.470345963756178	0.847682119205298	0.0781860642072336
0.471169686985173	0.847682119205298	0.0780379617776253
0.471993410214168	0.847682119205298	0.0777954819551175
0.472817133443163	0.847682119205298	0.077573373520538
0.473640856672158	0.847682119205298	0.0775325635971593
0.474464579901153	0.847682119205298	0.0774939083222011
0.475288303130148	0.847682119205298	0.0773417062573905
0.476112026359143	0.847682119205298	0.077177901766753
0.476935749588138	0.847682119205298	0.0770415139014303
0.477759472817133	0.847682119205298	0.0768925194226668
0.478583196046129	0.847682119205298	0.0766934004255076
0.478583196046129	0.854304635761589	0.0765431208464689
0.479406919275124	0.854304635761589	0.0765207832069418
0.480230642504119	0.854304635761589	0.0765078322708227
0.481054365733114	0.854304635761589	0.0764200506880171
0.481878088962109	0.854304635761589	0.076154478962059
0.482701812191104	0.854304635761589	0.0759516140243081
0.483525535420099	0.854304635761589	0.0759164606547349
0.484349258649094	0.854304635761589	0.0758837323393581
0.485172981878089	0.854304635761589	0.0755499948044824
0.485996705107084	0.854304635761589	0.0752159818259982
0.486820428336079	0.854304635761589	0.075187191168397
0.487644151565074	0.854304635761589	0.0751783268413607
0.488467874794069	0.854304635761589	0.0751620593361794
0.489291598023064	0.854304635761589	0.0751083159853839
0.490115321252059	0.854304635761589	0.0750532471243036
0.490939044481054	0.854304635761589	0.0749822804892109
0.491762767710049	0.854304635761589	0.0748322534726641
0.492586490939044	0.854304635761589	0.0746769019535966
0.49341021416804	0.854304635761589	0.0743608111299588
0.494233937397035	0.854304635761589	0.0739825945196361
0.49505766062603	0.854304635761589	0.0738523410179763
0.495881383855025	0.854304635761589	0.0738126135009359
0.49670510708402	0.854304635761589	0.073769679387869
0.497528830313015	0.854304635761589	0.0737124876399774
0.49835255354201	0.854304635761589	0.0735109837317305
0.499176276771005	0.854304635761589	0.0732377866036697
0.5	0.854304635761589	0.0731148038988023
0.500823723228995	0.854304635761589	0.0731028188629691
0.500823723228995	0.860927152317881	0.0730878289817313
0.50164744645799	0.860927152317881	0.0730737503992151
0.502471169686985	0.860927152317881	0.0730195985088149
0.50329489291598	0.860927152317881	0.0729529319308485
0.504118616144975	0.860927152317881	0.0729104151058711
0.50494233937397	0.860927152317881	0.0728249506066377
0.505766062602965	0.860927152317881	0.0726947792393899
0.50658978583196	0.860927152317881	0.0726195532346596
0.50658978583196	0.867549668874172	0.0725839164500607
0.50658978583196	0.874172185430464	0.0723183098535451
0.507413509060956	0.874172185430464	0.0720504690047292
0.508237232289951	0.874172185430464	0.0719915482616696
0.509060955518946	0.874172185430464	0.0718332407899812
0.509884678747941	0.874172185430464	0.0716202340409825
0.510708401976936	0.874172185430464	0.0714656975649804
0.511532125205931	0.874172185430464	0.0712928216776092
0.512355848434926	0.874172185430464	0.0711826790120113
0.513179571663921	0.874172185430464	0.0711272651582839
0.514003294892916	0.874172185430464	0.0710195229169642
0.514827018121911	0.874172185430464	0.0709338324198091
0.515650741350906	0.874172185430464	0.0708316232085243
0.516474464579901	0.874172185430464	0.0706884701050785
0.517298187808896	0.874172185430464	0.0703084984429622
0.518121911037891	0.874172185430464	0.0699922875594883
0.518945634266886	0.874172185430464	0.069965826638504
0.519769357495881	0.874172185430464	0.0699054576780788
0.520593080724876	0.874172185430464	0.0698219962351633
0.521416803953872	0.874172185430464	0.0696706449215325
0.522240527182867	0.874172185430464	0.0694834145798154
0.523064250411862	0.874172185430464	0.0693646747157342
0.523887973640857	0.874172185430464	0.0693069390025011
0.524711696869852	0.874172185430464	0.0691971062467969
0.525535420098847	0.874172185430464	0.0690720074174044
0.526359143327842	0.874172185430464	0.0689975462606648
0.527182866556837	0.874172185430464	0.0687074733412039
0.528006589785832	0.874172185430464	0.0682948251092147
0.528830313014827	0.874172185430464	0.0680808796068496
0.529654036243822	0.874172185430464	0.0679707714916946
0.530477759472817	0.874172185430464	0.0679142512379609
0.531301482701812	0.874172185430464	0.067872625433844
0.532125205930807	0.874172185430464	0.0678249786658483
0.532948929159802	0.874172185430464	0.0678005036782838
0.533772652388797	0.874172185430464	0.0677247230082504
0.534596375617792	0.874172185430464	0.0675127520651144
0.535420098846787	0.874172185430464	0.0673527789920937
0.536243822075783	0.874172185430464	0.0672086286710396
0.537067545304778	0.874172185430464	0.0670328722902484
0.537891268533773	0.874172185430464	0.0669202320544506
0.538714991762768	0.874172185430464	0.0668115341934575
0.539538714991763	0.874172185430464	0.0667045917306344
0.540362438220758	0.874172185430464	0.0666171914763006
0.541186161449753	0.874172185430464	0.0664142828743077
0.542009884678748	0.874172185430464	0.0662114078426556
0.542833607907743	0.874172185430464	0.0661452928096442
0.542833607907743	0.880794701986755	0.0660126488434514
0.543657331136738	0.880794701986755	0.065905518527317
0.544481054365733	0.880794701986755	0.0657365628490777
0.545304777594728	0.880794701986755	0.0655814412830192
0.546128500823723	0.880794701986755	0.0655556737721279
0.546952224052718	0.880794701986755	0.0654412783871327
0.547775947281713	0.880794701986755	0.0653087906310525
0.548599670510708	0.880794701986755	0.0652587533582943
0.549423393739704	0.880794701986755	0.0652266806340048
0.550247116968698	0.880794701986755	0.065206783142357
0.551070840197694	0.880794701986755	0.0651108553519787
0.551894563426689	0.880794701986755	0.064958052188891
0.552718286655684	0.880794701986755	0.0648543550349866
0.553542009884679	0.880794701986755	0.0647391111630746
0.554365733113674	0.880794701986755	0.064631751317854
0.554365733113674	0.887417218543046	0.0645764498920464
0.555189456342669	0.887417218543046	0.0645530534207292
0.556013179571664	0.887417218543046	0.0645229783301437
0.556836902800659	0.887417218543046	0.06444902985495
0.557660626029654	0.887417218543046	0.0643632679628519
0.557660626029654	0.894039735099338	0.0642884056049033
0.558484349258649	0.894039735099338	0.0642300752245401
0.559308072487644	0.894039735099338	0.064180654824856
0.560131795716639	0.894039735099338	0.0641195802314167
0.560955518945634	0.894039735099338	0.0640776029492974
0.561779242174629	0.894039735099338	0.0640194845570784
0.562602965403624	0.894039735099338	0.0638848042536979
0.563426688632619	0.894039735099338	0.0637562267045451
0.563426688632619	0.900662251655629	0.0636004313762427
0.564250411861615	0.900662251655629	0.063386723684482
0.56507413509061	0.900662251655629	0.0632655779272131
0.565897858319605	0.900662251655629	0.0632291078311034
0.5667215815486	0.900662251655629	0.0631717991877073
0.567545304777595	0.900662251655629	0.0631113568665331
0.56836902800659	0.900662251655629	0.0630229640453451
0.569192751235585	0.900662251655629	0.062952512527853
0.57001647446458	0.900662251655629	0.0627375704334286
0.570840197693575	0.900662251655629	0.062514663646873
0.57166392092257	0.900662251655629	0.0624252466059525
0.572487644151565	0.900662251655629	0.0622881697492464
0.57331136738056	0.900662251655629	0.0621563416952463
0.574135090609555	0.900662251655629	0.0620750092907909
0.57495881383855	0.900662251655629	0.0620420424019096
0.575782537067545	0.900662251655629	0.0619737832724686
0.57660626029654	0.900662251655629	0.0619299314652009
0.577429983525535	0.900662251655629	0.0618740018182786
0.57825370675453	0.900662251655629	0.0617984941346731
0.579077429983526	0.900662251655629	0.0616583686117095
0.579901153212521	0.900662251655629	0.0615217148555076
0.579901153212521	0.907284768211921	0.0614131463386786
0.580724876441516	0.907284768211921	0.0613008103390238
0.581548599670511	0.907284768211921	0.0612181986427083
0.582372322899506	0.907284768211921	0.0611068082278898
0.583196046128501	0.907284768211921	0.0609942288234711
0.584019769357496	0.907284768211921	0.0608637108856064
0.584843492586491	0.907284768211921	0.0607016061545707
0.585667215815486	0.907284768211921	0.060593175745623
0.586490939044481	0.907284768211921	0.0605739524660664
0.587314662273476	0.907284768211921	0.0605181565654842
0.588138385502471	0.907284768211921	0.0604550639095852
0.588962108731466	0.907284768211921	0.0604274031886493
0.589785831960461	0.907284768211921	0.0604031049720868
0.590609555189456	0.907284768211921	0.0603693508331444
0.591433278418451	0.907284768211921	0.0603371562238317
0.592257001647446	0.907284768211921	0.0603195986693981
0.593080724876442	0.907284768211921	0.0603014893318525
0.593904448105437	0.907284768211921	0.0602428508627384
0.594728171334432	0.907284768211921	0.0601678807416988
0.595551894563427	0.907284768211921	0.060114855293984
0.596375617792422	0.907284768211921	0.0600857820165081
0.597199341021417	0.907284768211921	0.0600386084700839
0.598023064250412	0.907284768211921	0.0599713572208595
0.598846787479407	0.907284768211921	0.0599248033698527
0.599670510708402	0.907284768211921	0.0598694144552562
0.600494233937397	0.907284768211921	0.0597994484727296
0.601317957166392	0.907284768211921	0.0597046243165502
0.602141680395387	0.907284768211921	0.0596193584375606
0.602965403624382	0.907284768211921	0.0595480924190756
0.603789126853377	0.907284768211921	0.0594441859710169
0.604612850082372	0.907284768211921	0.0593669891006401
0.605436573311367	0.907284768211921	0.059349499905658
0.606260296540363	0.907284768211921	0.0593366088964115
0.607084019769357	0.907284768211921	0.0592927315786214
0.607907742998353	0.907284768211921	0.0592051694209547
0.608731466227348	0.907284768211921	0.0591115865408398
0.609555189456343	0.907284768211921	0.0590359022475861
0.610378912685338	0.907284768211921	0.0589738956737984
0.611202635914333	0.907284768211921	0.0589372259131951
0.612026359143328	0.907284768211921	0.0589197134153934
0.612850082372323	0.907284768211921	0.0589038086496831
0.613673805601318	0.907284768211921	0.0588620559140307
0.614497528830313	0.907284768211921	0.0587219883948401
0.615321252059308	0.907284768211921	0.0585476423889761
0.616144975288303	0.907284768211921	0.0584239644356565
0.616968698517298	0.907284768211921	0.058288508250361
0.617792421746293	0.907284768211921	0.0581654040778939
0.618616144975288	0.907284768211921	0.0580971460785135
0.619439868204283	0.907284768211921	0.058051548050126
0.620263591433278	0.907284768211921	0.057963319600991
0.620263591433278	0.913907284768212	0.057801404746122
0.621087314662274	0.913907284768212	0.0576729007564765
0.621911037891269	0.913907284768212	0.0576010495852954
0.622734761120264	0.913907284768212	0.0574750164731033
0.623558484349259	0.913907284768212	0.0573620573215171
0.623558484349259	0.920529801324503	0.0573279055108716
0.624382207578254	0.920529801324503	0.057304363501999
0.625205930807249	0.920529801324503	0.0572444491853641
0.626029654036244	0.920529801324503	0.057091978789817
0.626853377265239	0.920529801324503	0.056969141599531
0.627677100494234	0.920529801324503	0.0569531989722794
0.628500823723229	0.920529801324503	0.0569124820178971
0.629324546952224	0.920529801324503	0.0568077750743743
0.630148270181219	0.920529801324503	0.0567168967765579
0.630971993410214	0.920529801324503	0.0566729098142933
0.631795716639209	0.920529801324503	0.0566088741503321
0.632619439868204	0.920529801324503	0.0564813050218336
0.633443163097199	0.920529801324503	0.0563673486658223
0.634266886326194	0.920529801324503	0.0562476729228253
0.635090609555189	0.920529801324503	0.0561502584788151
0.635914332784185	0.920529801324503	0.056107650694526
0.63673805601318	0.920529801324503	0.056008032594213
0.637561779242175	0.920529801324503	0.0559133543462692
0.63838550247117	0.920529801324503	0.0558045806190739
0.639209225700165	0.920529801324503	0.0556976010415426
0.64003294892916	0.920529801324503	0.0556600066214914
0.640856672158155	0.920529801324503	0.0556073031463594
0.64168039538715	0.920529801324503	0.0554291842751648
0.642504118616145	0.920529801324503	0.0551557606958055
0.64332784184514	0.920529801324503	0.0549914001919735
0.644151565074135	0.920529801324503	0.0549591086758571
0.64497528830313	0.920529801324503	0.0549152500150908
0.645799011532125	0.920529801324503	0.0548250409746106
0.64662273476112	0.920529801324503	0.0546454360063333
0.647446457990115	0.920529801324503	0.0544981506787272
0.64827018121911	0.920529801324503	0.0544755310327836
0.649093904448105	0.920529801324503	0.0544683863920479
0.6499176276771	0.920529801324503	0.0543723103328029
0.650741350906096	0.920529801324503	0.0542712042933643
0.651565074135091	0.920529801324503	0.0541513751032134
0.652388797364086	0.920529801324503	0.0539724231100014
0.653212520593081	0.920529801324503	0.0538888557668451
0.654036243822076	0.920529801324503	0.0538098730997074
0.654859967051071	0.920529801324503	0.0536107149057192
0.655683690280066	0.920529801324503	0.0534637897036668
0.656507413509061	0.920529801324503	0.0534508570752389
0.657331136738056	0.920529801324503	0.0534419500959731
0.658154859967051	0.920529801324503	0.053428979395455
0.658978583196046	0.920529801324503	0.0533467412866227
0.659802306425041	0.920529801324503	0.0532475922386738
0.660626029654036	0.920529801324503	0.0531915477504492
0.661449752883031	0.920529801324503	0.0531210831188525
0.662273476112026	0.920529801324503	0.0530318414613647
0.663097199341021	0.920529801324503	0.0529169943727758
0.663920922570016	0.920529801324503	0.0527983402458252
0.664744645799012	0.920529801324503	0.052736375411401
0.665568369028007	0.920529801324503	0.0526811068674658
0.666392092257002	0.920529801324503	0.0526127481851197
0.667215815485997	0.920529801324503	0.05257362026245
0.668039538714992	0.920529801324503	0.052503707880319
0.668863261943987	0.920529801324503	0.0524146566263196
0.669686985172982	0.920529801324503	0.0523740361128934
0.670510708401977	0.920529801324503	0.0523552275762391
0.671334431630972	0.920529801324503	0.0523399091951941
0.672158154859967	0.920529801324503	0.0523387695367359
0.672981878088962	0.920529801324503	0.0523354744510297
0.673805601317957	0.920529801324503	0.052295105395486
0.674629324546952	0.920529801324503	0.0522388102555831
0.675453047775947	0.920529801324503	0.0521929333369757
0.676276771004942	0.920529801324503	0.0521301325906656
0.676276771004942	0.927152317880795	0.0520671392464568
0.677100494233937	0.927152317880795	0.0519653386181299
0.677924217462933	0.927152317880795	0.051859266503731
0.678747940691927	0.927152317880795	0.0518042699766431
0.679571663920923	0.927152317880795	0.0517806738816663
0.680395387149918	0.927152317880795	0.0517658619673961
0.681219110378913	0.927152317880795	0.0517274006600723
0.682042833607908	0.927152317880795	0.0516955007846128
0.682866556836903	0.927152317880795	0.0516762416417282
0.683690280065898	0.927152317880795	0.0516015066174378
0.684514003294893	0.927152317880795	0.0514642205490028
0.685337726523888	0.927152317880795	0.0513714788538713
0.686161449752883	0.927152317880795	0.0513394938589807
0.686985172981878	0.927152317880795	0.0512149190658172
0.687808896210873	0.927152317880795	0.0510484261532819
0.688632619439868	0.927152317880795	0.0509657887047171
0.689456342668863	0.927152317880795	0.0509075089230223
0.690280065897858	0.927152317880795	0.0508487387065513
0.691103789126853	0.927152317880795	0.0508189786652928
0.691927512355848	0.927152317880795	0.0506735436211469
0.692751235584844	0.927152317880795	0.0504639396128718
0.693574958813839	0.927152317880795	0.0503911390529235
0.694398682042834	0.927152317880795	0.0503706086896322
0.695222405271829	0.927152317880795	0.0503430453673335
0.696046128500824	0.927152317880795	0.0503293107152195
0.696869851729819	0.927152317880795	0.0503109010382416
0.697693574958814	0.927152317880795	0.0501553110053901
0.698517298187809	0.927152317880795	0.0500136288100818
0.699341021416804	0.927152317880795	0.0500073005263681
0.700164744645799	0.927152317880795	0.0500006826503615
0.700988467874794	0.927152317880795	0.0499848754999471
0.701812191103789	0.927152317880795	0.0499406145649017
0.702635914332784	0.927152317880795	0.0499042147079919
0.703459637561779	0.927152317880795	0.0498704974613361
0.704283360790774	0.927152317880795	0.0497342034913367
0.705107084019769	0.927152317880795	0.0496060145248355
0.705930807248764	0.927152317880795	0.0495394567479539
0.706754530477759	0.927152317880795	0.0493282693494101
0.707578253706755	0.927152317880795	0.0490894596912769
0.70840197693575	0.927152317880795	0.0490030758860817
0.709225700164745	0.927152317880795	0.048976479624479
0.71004942339374	0.927152317880795	0.0489447062981627
0.710873146622735	0.927152317880795	0.0489007403530924
0.71169686985173	0.927152317880795	0.0488642506910906
0.712520593080725	0.927152317880795	0.0488317437663699
0.71334431630972	0.927152317880795	0.0487953458087156
0.714168039538715	0.927152317880795	0.0486979369592722
0.71499176276771	0.927152317880795	0.0485228219344599
0.715815485996705	0.927152317880795	0.0484074992327993
0.7166392092257	0.927152317880795	0.0483504388939103
0.717462932454695	0.927152317880795	0.0481585973070718
0.71828665568369	0.927152317880795	0.0479391333989343
0.719110378912685	0.927152317880795	0.0478750744327931
0.71993410214168	0.927152317880795	0.0477989318302095
0.720757825370675	0.927152317880795	0.0476964832557001
0.72158154859967	0.927152317880795	0.0476049782505152
0.722405271828666	0.927152317880795	0.0474514830256767
0.723228995057661	0.927152317880795	0.0473302158681877
0.724052718286656	0.927152317880795	0.0472567089072227
0.724876441515651	0.927152317880795	0.0472034135436244
0.725700164744646	0.927152317880795	0.047185899223602
0.726523887973641	0.927152317880795	0.0471796318788851
0.727347611202636	0.927152317880795	0.0470358650638968
0.728171334431631	0.927152317880795	0.0468719268117625
0.728995057660626	0.927152317880795	0.0467883147531903
0.729818780889621	0.927152317880795	0.0466864961023122
0.730642504118616	0.927152317880795	0.0465949953872024
0.731466227347611	0.927152317880795	0.0465117539458918
0.732289950576606	0.927152317880795	0.0464252895210278
0.733113673805601	0.927152317880795	0.0463197970164182
0.733937397034596	0.927152317880795	0.0462518178912702
0.734761120263591	0.927152317880795	0.0460983445008404
0.734761120263591	0.933774834437086	0.0459438710091728
0.735584843492586	0.933774834437086	0.0459226700723857
0.736408566721582	0.933774834437086	0.0458576424858548
0.737232289950577	0.933774834437086	0.0457336382039053
0.738056013179572	0.933774834437086	0.0456655932653927
0.738879736408567	0.933774834437086	0.0456283941322227
0.739703459637562	0.933774834437086	0.045595995933089
0.740527182866557	0.933774834437086	0.0454830137680341
0.741350906095552	0.933774834437086	0.0453356407440326
0.742174629324547	0.933774834437086	0.0452944984652039
0.742998352553542	0.933774834437086	0.0452873612529864
0.743822075782537	0.933774834437086	0.0452561486553603
0.744645799011532	0.933774834437086	0.0452138237005316
0.745469522240527	0.933774834437086	0.0451817071982666
0.746293245469522	0.933774834437086	0.0451437143373745
0.747116968698517	0.933774834437086	0.0451163332162989
0.747940691927512	0.933774834437086	0.0450179177136843
0.748764415156507	0.933774834437086	0.0448914981074601
0.749588138385503	0.933774834437086	0.0448373785633047
0.750411861614497	0.933774834437086	0.0447872420291426
0.751235584843493	0.933774834437086	0.0446585269927371
0.752059308072488	0.933774834437086	0.0445547554722566
0.752883031301483	0.933774834437086	0.0444826361813493
0.753706754530478	0.933774834437086	0.0444010885593202
0.754530477759473	0.933774834437086	0.0443755082684179
0.755354200988468	0.933774834437086	0.0443228806360077
0.756177924217463	0.933774834437086	0.044232694471922
0.757001647446458	0.933774834437086	0.0441750672194163
0.757825370675453	0.933774834437086	0.0441379462613865
0.758649093904448	0.933774834437086	0.04410744642228
0.759472817133443	0.933774834437086	0.044048921438964
0.760296540362438	0.933774834437086	0.0439868650839424
0.761120263591433	0.933774834437086	0.043834501879919
0.761943986820428	0.933774834437086	0.0436496335004645
0.762767710049423	0.933774834437086	0.0435810626396917
0.763591433278418	0.933774834437086	0.0435146599790142
0.764415156507414	0.933774834437086	0.0434525895190699
0.765238879736409	0.933774834437086	0.0433468476930148
0.766062602965404	0.933774834437086	0.0432475519252189
0.766886326194399	0.933774834437086	0.0432040301346611
0.767710049423394	0.933774834437086	0.0431477849528238
0.768533772652389	0.933774834437086	0.0430759496709476
0.769357495881384	0.933774834437086	0.0429930725209234
0.770181219110379	0.933774834437086	0.0428962025497536
0.771004942339374	0.933774834437086	0.042803330049421
0.771828665568369	0.933774834437086	0.042637557716456
0.772652388797364	0.933774834437086	0.0424522655419227
0.773476112026359	0.933774834437086	0.042380384934293
0.774299835255354	0.933774834437086	0.0423632663653169
0.775123558484349	0.933774834437086	0.0422621015111608
0.775947281713344	0.933774834437086	0.042129303516825
0.776771004942339	0.933774834437086	0.0420823001543904
0.777594728171334	0.933774834437086	0.0420306095772398
0.77841845140033	0.933774834437086	0.0419737128665819
0.779242174629325	0.933774834437086	0.0418938755091914
0.78006589785832	0.933774834437086	0.0418247629897191
0.780889621087315	0.933774834437086	0.0417803594184636
0.78171334431631	0.933774834437086	0.0417170499471873
0.782537067545305	0.933774834437086	0.0416521783120135
0.7833607907743	0.933774834437086	0.0415749820758733
0.784184514003295	0.933774834437086	0.0415271253006229
0.78500823723229	0.933774834437086	0.0415016174367359
0.785831960461285	0.933774834437086	0.0414412192848872
0.78665568369028	0.933774834437086	0.0413897180331122
0.787479406919275	0.933774834437086	0.0413740969992571
0.78830313014827	0.933774834437086	0.041334529668012
0.789126853377265	0.933774834437086	0.0412940451902486
0.78995057660626	0.933774834437086	0.0412781431935468
0.790774299835255	0.933774834437086	0.041150631011379
0.79159802306425	0.933774834437086	0.040994903631444
0.792421746293245	0.933774834437086	0.0408967411240347
0.793245469522241	0.933774834437086	0.0407975360177225
0.794069192751236	0.933774834437086	0.0406957559478275
0.794892915980231	0.933774834437086	0.0405699836915673
0.795716639209226	0.933774834437086	0.0404924314069055
0.796540362438221	0.933774834437086	0.0404562211404405
0.797364085667216	0.933774834437086	0.0403777936543733
0.798187808896211	0.933774834437086	0.0401801091647264
0.799011532125206	0.933774834437086	0.0400102205977602
0.799835255354201	0.933774834437086	0.0399705862823679
0.800658978583196	0.933774834437086	0.0399487857076615
0.801482701812191	0.933774834437086	0.0398847764421781
0.802306425041186	0.933774834437086	0.0397941272876645
0.803130148270181	0.933774834437086	0.0397005577274692
0.803953871499176	0.933774834437086	0.0396130923190356
0.804777594728171	0.933774834437086	0.0395475779024939
0.805601317957166	0.933774834437086	0.0395080723780789
0.806425041186161	0.933774834437086	0.0394984433013845
0.807248764415156	0.933774834437086	0.0394730590104006
0.808072487644152	0.933774834437086	0.0393957150609238
0.808896210873147	0.933774834437086	0.0392139108221352
0.809719934102142	0.933774834437086	0.0390462693138636
0.810543657331137	0.933774834437086	0.0389814726415294
0.811367380560132	0.933774834437086	0.0389436885874206
0.812191103789127	0.933774834437086	0.0389242120906035
0.813014827018122	0.933774834437086	0.0389155810187133
0.813838550247117	0.933774834437086	0.0389127397097155
0.814662273476112	0.933774834437086	0.0388365538841479
0.815485996705107	0.933774834437086	0.0387430255192712
0.815485996705107	0.940397350993378	0.0387018833772286
0.816309719934102	0.940397350993378	0.0386457681425683
0.817133443163097	0.940397350993378	0.0385797001760637
0.817957166392092	0.940397350993378	0.0385072252804825
0.818780889621087	0.940397350993378	0.0384574979241996
0.819604612850082	0.940397350993378	0.0384036247436568
0.820428336079077	0.940397350993378	0.0383486273804417
0.821252059308073	0.940397350993378	0.0383178914090105
0.822075782537067	0.940397350993378	0.0381801285820955
0.822899505766063	0.940397350993378	0.038055766692748
0.823723228995058	0.940397350993378	0.0379921288027436
0.824546952224053	0.940397350993378	0.0379210923210299
0.825370675453048	0.940397350993378	0.037906490306974
0.826194398682043	0.940397350993378	0.0378738699185203
0.827018121911038	0.940397350993378	0.0378415155541717
0.827841845140033	0.940397350993378	0.037812812217035
0.827841845140033	0.947019867549669	0.0377641348741696
0.828665568369028	0.947019867549669	0.0377414046957183
0.829489291598023	0.947019867549669	0.0376885708712583
0.830313014827018	0.947019867549669	0.0375257293772435
0.831136738056013	0.947019867549669	0.037345189628335
0.831960461285008	0.947019867549669	0.0372103021543622
0.832784184514003	0.947019867549669	0.0371428568831149
0.833607907742998	0.947019867549669	0.0371366703336804
0.834431630971993	0.947019867549669	0.0371092497906278
0.835255354200989	0.947019867549669	0.0369473907232258
0.836079077429984	0.947019867549669	0.0367677266779346
0.836902800658979	0.947019867549669	0.036632222478707
0.837726523887974	0.947019867549669	0.0365127774293011
0.838550247116969	0.947019867549669	0.0364847680312823
0.839373970345964	0.947019867549669	0.0364631644914706
0.840197693574959	0.947019867549669	0.0364453884122295
0.841021416803954	0.947019867549669	0.0364261710136752
0.841845140032949	0.947019867549669	0.0364019369439012
0.842668863261944	0.947019867549669	0.0363489158781349
0.843492586490939	0.947019867549669	0.036278528565958
0.844316309719934	0.947019867549669	0.0362194899771167
0.845140032948929	0.947019867549669	0.0361556022367126
0.845963756177924	0.947019867549669	0.0360989587443407
0.846787479406919	0.947019867549669	0.0360218901162513
0.847611202635914	0.947019867549669	0.0359310433085876
0.848434925864909	0.947019867549669	0.0358659262057122
0.849258649093904	0.947019867549669	0.0358203530961669
0.8500823723229	0.947019867549669	0.0357332014972368
0.8500823723229	0.95364238410596	0.0356210328054532
0.850906095551895	0.95364238410596	0.0355626519474906
0.85172981878089	0.95364238410596	0.0355334778334493
0.85172981878089	0.960264900662252	0.0354315525816334
0.852553542009885	0.960264900662252	0.0353435709197439
0.85337726523888	0.960264900662252	0.0353339482169271
0.854200988467875	0.960264900662252	0.0353224735881245
0.85502471169687	0.960264900662252	0.0353025089623367
0.855848434925865	0.960264900662252	0.0352721575904364
0.85667215815486	0.960264900662252	0.0352542889035699
0.857495881383855	0.960264900662252	0.0351612168167759
0.85831960461285	0.960264900662252	0.035042151896772
0.859143327841845	0.960264900662252	0.0350107384408261
0.85996705107084	0.960264900662252	0.0349366585754341
0.860790774299835	0.960264900662252	0.0347953202761092
0.86161449752883	0.960264900662252	0.034698556929179
0.862438220757825	0.960264900662252	0.0346349279004616
0.86326194398682	0.960264900662252	0.0345193514497539
0.864085667215815	0.960264900662252	0.034417603344658
0.864909390444811	0.960264900662252	0.034371000260843
0.865733113673806	0.960264900662252	0.0343000595984055
0.866556836902801	0.960264900662252	0.0341810095374477
0.867380560131796	0.960264900662252	0.0341091348056474
0.868204283360791	0.960264900662252	0.0340942292285262
0.869028006589786	0.960264900662252	0.0339145000527266
0.869851729818781	0.960264900662252	0.0336665894219104
0.870675453047776	0.960264900662252	0.0335373413217622
0.871499176276771	0.960264900662252	0.0333046202360888
0.872322899505766	0.960264900662252	0.0330546110350727
0.872322899505766	0.966887417218543	0.0329300690893123
0.873146622734761	0.966887417218543	0.0328647459226579
0.873970345963756	0.966887417218543	0.0328079551036249
0.874794069192751	0.966887417218543	0.0327504800474653
0.875617792421746	0.966887417218543	0.0326587303613157
0.876441515650741	0.966887417218543	0.0325603251783083
0.877265238879736	0.966887417218543	0.0325184115113573
0.878088962108731	0.966887417218543	0.0324631334490213
0.878912685337726	0.966887417218543	0.0324280542496934
0.879736408566722	0.966887417218543	0.0324008697629081
0.880560131795717	0.966887417218543	0.0322660946104232
0.881383855024712	0.966887417218543	0.032077231346448
0.882207578253707	0.966887417218543	0.0319853507019779
0.883031301482702	0.966887417218543	0.0318543045846179
0.883855024711697	0.966887417218543	0.0316940403912264
0.884678747940692	0.966887417218543	0.0316340433122124
0.885502471169687	0.966887417218543	0.0315983262771642
0.886326194398682	0.966887417218543	0.0315503976514422
0.887149917627677	0.966887417218543	0.0315209190172876
0.887973640856672	0.966887417218543	0.0314001591183481
0.888797364085667	0.966887417218543	0.0312829868122618
0.888797364085667	0.973509933774834	0.0312499532463511
0.889621087314662	0.973509933774834	0.0312077894842332
0.890444810543657	0.973509933774834	0.0311631098183302
0.891268533772652	0.973509933774834	0.0310398369109539
0.892092257001647	0.973509933774834	0.0309258489690112
0.892915980230643	0.973509933774834	0.0309010059111178
0.893739703459638	0.973509933774834	0.0308941339429201
0.894563426688633	0.973509933774834	0.0308729905621109
0.895387149917628	0.973509933774834	0.0307812987208545
0.896210873146623	0.973509933774834	0.0306842878963483
0.897034596375618	0.973509933774834	0.0306402045987529
0.897858319604613	0.973509933774834	0.0304325458176244
0.898682042833608	0.973509933774834	0.030144551161434
0.899505766062603	0.973509933774834	0.0300256553352556
0.900329489291598	0.973509933774834	0.0299994483989737
0.901153212520593	0.973509933774834	0.0299376723295571
0.901976935749588	0.973509933774834	0.0298850456186032
0.902800658978583	0.973509933774834	0.0298723789209874
0.903624382207578	0.973509933774834	0.0298331344184331
0.904448105436573	0.973509933774834	0.0297691454193535
0.904448105436573	0.980132450331126	0.0296958428027342
0.905271828665568	0.980132450331126	0.029528309359673
0.906095551894563	0.980132450331126	0.0293983004324653
0.906919275123559	0.980132450331126	0.0292746445802294
0.907742998352554	0.980132450331126	0.0291041142965035
0.908566721581549	0.980132450331126	0.0289872105869608
0.909390444810544	0.980132450331126	0.0288340010492385
0.910214168039539	0.980132450331126	0.0286851920615293
0.911037891268534	0.980132450331126	0.028512401177992
0.911861614497529	0.980132450331126	0.0284008130887623
0.912685337726524	0.980132450331126	0.0283761422137115
0.913509060955519	0.980132450331126	0.0283369521185881
0.914332784184514	0.980132450331126	0.0283180827185807
0.915156507413509	0.980132450331126	0.0282175143298286
0.915980230642504	0.980132450331126	0.0279702047623811
0.916803953871499	0.980132450331126	0.0277265729529761
0.917627677100494	0.980132450331126	0.0276163445969663
0.918451400329489	0.980132450331126	0.0275841214930431
0.919275123558484	0.980132450331126	0.0274200697334276
0.920098846787479	0.980132450331126	0.0272542496975108
0.920922570016474	0.980132450331126	0.0270711733470299
0.92174629324547	0.980132450331126	0.0269063252667361
0.922570016474465	0.980132450331126	0.0268807882671594
0.92339373970346	0.980132450331126	0.0268094597283642
0.924217462932455	0.980132450331126	0.026744646590397
0.92504118616145	0.980132450331126	0.0266839308257627
0.925864909390445	0.980132450331126	0.0266345636240899
0.92668863261944	0.980132450331126	0.026609514174004
0.927512355848435	0.980132450331126	0.0265302779107973
0.92833607907743	0.980132450331126	0.0264593170107507
0.929159802306425	0.980132450331126	0.0264441667648627
0.92998352553542	0.980132450331126	0.0263472852510313
0.930807248764415	0.980132450331126	0.0261722635769646
0.93163097199341	0.980132450331126	0.0260757538566009
0.932454695222405	0.980132450331126	0.0260184717876014
0.9332784184514	0.980132450331126	0.0259199414488572
0.934102141680395	0.980132450331126	0.0258541218019391
0.93492586490939	0.980132450331126	0.025837929604698
0.935749588138385	0.980132450331126	0.0258255825072391
0.936573311367381	0.980132450331126	0.0257974982933416
0.937397034596376	0.980132450331126	0.025727073570437
0.938220757825371	0.980132450331126	0.0255739025102073
0.939044481054366	0.980132450331126	0.0254176054480576
0.939868204283361	0.980132450331126	0.0252748168503951
0.940691927512356	0.980132450331126	0.0250434457817265
0.941515650741351	0.980132450331126	0.0248973804991511
0.942339373970346	0.980132450331126	0.0246714619677882
0.943163097199341	0.980132450331126	0.0242644818414603
0.943986820428336	0.980132450331126	0.0240647013418961
0.944810543657331	0.980132450331126	0.0240198921523834
0.945634266886326	0.980132450331126	0.0239444836228775
0.946457990115321	0.980132450331126	0.0238897275250278
0.947281713344316	0.980132450331126	0.0238780489546833
0.948105436573311	0.980132450331126	0.0238737256142923
0.948929159802306	0.980132450331126	0.0238633345840754
0.949752883031301	0.980132450331126	0.0238360138993492
0.950576606260296	0.980132450331126	0.0237239325179256
0.951400329489292	0.980132450331126	0.0235559229617673
0.952224052718287	0.980132450331126	0.0234752330385091
0.953047775947282	0.980132450331126	0.0234489378190226
0.953871499176277	0.980132450331126	0.0233221305394118
0.954695222405272	0.980132450331126	0.0232107356626296
0.955518945634267	0.980132450331126	0.0231944487501462
0.956342668863262	0.980132450331126	0.0231140139718689
0.957166392092257	0.980132450331126	0.0229933174196808
0.957990115321252	0.980132450331126	0.0229106461263126
0.958813838550247	0.980132450331126	0.0226456304525985
0.959637561779242	0.980132450331126	0.0223797863762801
0.959637561779242	0.986754966887417	0.0223453311009854
0.960461285008237	0.986754966887417	0.0221830992453575
0.961285008237232	0.986754966887417	0.0218915654550199
0.962108731466227	0.986754966887417	0.0215767860221014
0.962932454695222	0.986754966887417	0.0212896998813693
0.963756177924217	0.986754966887417	0.0211088998712247
0.964579901153213	0.986754966887417	0.0210089053784517
0.965403624382208	0.986754966887417	0.0209500017720354
0.966227347611203	0.986754966887417	0.0208082369260037
0.966227347611203	0.993377483443709	0.0206812756372096
0.967051070840198	0.993377483443709	0.0205473639235308
0.967051070840198	1	0.0203409962326915
0.967874794069193	1	0.0200438346064178
0.968698517298188	1	0.0196941859704892
0.969522240527183	1	0.0194840301720874
0.970345963756178	1	0.0192812450051751
0.971169686985173	1	0.0190141265084945
0.971993410214168	1	0.0188703192176898
0.972817133443163	1	0.018574299136079
0.973640856672158	1	0.0182918620911482
0.974464579901153	1	0.0181112978091748
0.975288303130148	1	0.0178431407714814
0.976112026359143	1	0.0175633699259089
0.976935749588138	1	0.0173551732910161
0.977759472817133	1	0.0173094781946853
0.978583196046129	1	0.017213337098816
0.979406919275124	1	0.0170127163338472
0.980230642504119	1	0.016865470703088
0.981054365733114	1	0.0167401422596872
0.981878088962109	1	0.0166061522881811
0.982701812191104	1	0.0165543545245447
0.983525535420099	1	0.0164452981028306
0.984349258649094	1	0.0162855267058689
0.985172981878089	1	0.0161526686295352
0.985996705107084	1	0.0159148908169068
0.986820428336079	1	0.0156734334218339
0.987644151565074	1	0.0156107976110629
0.988467874794069	1	0.0155136267850759
0.989291598023064	1	0.015410180792553
0.990115321252059	1	0.0151980930860021
0.990939044481054	1	0.0146613604804451
0.991762767710049	1	0.0141798878859418
0.992586490939044	1	0.014024368213958
0.99341021416804	1	0.0139282976458962
0.994233937397035	1	0.0137023417625214
0.99505766062603	1	0.0134145119111647
0.995881383855025	1	0.0131656131810551
0.99670510708402	1	0.0129582045289442
0.997528830313015	1	0.0126938814426702
0.99835255354201	1	0.012332481494911
0.999176276771005	1	0.0112013638424907
1	1	-Inf
