mch_diff_pct	log10_gene_length	probability	ci_low	ci_high	gene_length_bp
-2.52267131250486	4.35262622142074	2.23052219671313e-06	8.07366658335592e-07	6.16227675214574e-06	22522.9992008169
-2.50328509134109	4.35262622142074	2.35266088688248e-06	8.5665997397682e-07	6.46113855747267e-06	22522.9992008169
-2.48389887017732	4.35262622142074	2.48148761747561e-06	9.08960902451464e-07	6.77450925202922e-06	22522.9992008169
-2.46451264901355	4.35262622142074	2.61736860870147e-06	9.64452794852669e-07	7.10309417296268e-06	22522.9992008169
-2.44512642784978	4.35262622142074	2.760690133853e-06	1.02333016695493e-06	7.44763301342618e-06	22522.9992008169
-2.42574020668601	4.35262622142074	2.91185961732828e-06	1.0857993779904e-06	7.8089015006998e-06	22522.9992008169
-2.40635398552224	4.35262622142074	3.0713067927718e-06	1.15207935060185e-06	8.18771315661798e-06	22522.9992008169
-2.38696776435846	4.35262622142074	3.23948492462773e-06	1.22240233446223e-06	8.58492114436594e-06	22522.9992008169
-2.36758154319469	4.35262622142074	3.41687209657645e-06	1.29701471620075e-06	9.00142020590866e-06	22522.9992008169
-2.34819532203092	4.35262622142074	3.60397257051617e-06	1.37617787843404e-06	9.43814869453012e-06	22522.9992008169
-2.32880910086715	4.35262622142074	3.80131821995189e-06	1.46016911086954e-06	9.89609070718326e-06	22522.9992008169
-2.30942287970338	4.35262622142074	4.00947004186497e-06	1.54928257662641e-06	1.03762783215855e-05	22522.9992008169
-2.29003665853961	4.35262622142074	4.2290197513598e-06	1.64383033710813e-06	1.08797939432417e-05	22522.9992008169
-2.27065043737584	4.35262622142074	4.46059146361942e-06	1.74414343896165e-06	1.14077727678363e-05	22522.9992008169
-2.25126421621207	4.35262622142074	4.70484346794937e-06	1.85057306686959e-06	1.19614053647071e-05	22522.9992008169
-2.2318779950483	4.35262622142074	4.96247009895119e-06	1.96349176614713e-06	1.25419403874003e-05	22522.9992008169
-2.21249177388453	4.35262622142074	5.23420371014268e-06	2.08329473935336e-06	1.31506874176088e-05	22522.9992008169
-2.19310555272076	4.35262622142074	5.52081675563288e-06	2.21040122137895e-06	1.37890199491082e-05	22522.9992008169
-2.17371933155699	4.35262622142074	5.82312398576691e-06	2.3452559377396e-06	1.44583785186412e-05	22522.9992008169
-2.15433311039322	4.35262622142074	6.14198476297909e-06	2.48833065108752e-06	1.51602739910483e-05	22522.9992008169
-2.13494688922945	4.35262622142074	6.47830550443477e-06	2.64012580125356e-06	1.58962910063118e-05	22522.9992008169
-2.11556066806567	4.35262622142074	6.83304225840059e-06	2.80117224444965e-06	1.66680915965625e-05	22522.9992008169
-2.0961744469019	4.35262622142074	7.20720342166306e-06	2.97203309759821e-06	1.74774189815117e-05	22522.9992008169
-2.07678822573813	4.35262622142074	7.60185260571615e-06	3.15330569411132e-06	1.83261015511892e-05	22522.9992008169
-2.05740200457436	4.35262622142074	8.01811165986004e-06	3.34562365781945e-06	1.92160570453266e-05	22522.9992008169
-2.03801578341059	4.35262622142074	8.45716385979963e-06	3.54965910214982e-06	2.01492969391889e-05	22522.9992008169
-2.01862956224682	4.35262622142074	8.92025727080056e-06	3.76612496207665e-06	2.1127931046161e-05	22522.9992008169
-1.99924334108305	4.35262622142074	9.40870829495658e-06	3.99577746681449e-06	2.21541723479156e-05	22522.9992008169
-1.97985711991928	4.35262622142074	9.92390541264403e-06	4.2394187616993e-06	2.3230342063538e-05	22522.9992008169
-1.96047089875551	4.35262622142074	1.04673131287906e-05	4.49789968820428e-06	2.43588749695644e-05	22522.9992008169
-1.94108467759174	4.35262622142074	1.10404761351676e-05	4.77212273156932e-06	2.55423249834985e-05	22522.9992008169
-1.92169845642797	4.35262622142074	1.16450237005256e-05	5.06304514608465e-06	2.67833710240103e-05	22522.9992008169
-1.9023122352642	4.35262622142074	1.22826743010438e-05	5.37168226866551e-06	2.80848231616987e-05	22522.9992008169
-1.88292601410043	4.35262622142074	1.29552405042397e-05	5.69911103198429e-06	2.94496290750068e-05	22522.9992008169
-1.86353979293666	4.35262622142074	1.36646341202113e-05	6.04647368909323e-06	3.08808808266281e-05	22522.9992008169
-1.84415357177288	4.35262622142074	1.44128716348352e-05	6.41498176217664e-06	3.23818219765273e-05	22522.9992008169
-1.82476735060911	4.35262622142074	1.52020799403505e-05	6.8059202288178e-06	3.39558550485316e-05	22522.9992008169
-1.80538112944534	4.35262622142074	1.60345023795961e-05	7.22065195995514e-06	3.56065493683161e-05	22522.9992008169
-1.78599490828157	4.35262622142074	1.69125051210613e-05	7.66062242453748e-06	3.73376492915318e-05	22522.9992008169
-1.7666086871178	4.35262622142074	1.78385838828472e-05	8.12736467677214e-06	3.91530828417908e-05	22522.9992008169
-1.74722246595403	4.35262622142074	1.88153710246246e-05	8.62250464279256e-06	4.10569707792432e-05	22522.9992008169
-1.72783624479026	4.35262622142074	1.98456430277161e-05	9.14776672456058e-06	4.30536361215586e-05	22522.9992008169
-1.70845002362649	4.35262622142074	2.09323283845336e-05	9.70497973986346e-06	4.51476141402574e-05	22522.9992008169
-1.68906380246272	4.35262622142074	2.2078515919757e-05	1.02960832183676e-05	4.73436628565318e-05	22522.9992008169
-1.66967758129895	4.35262622142074	2.32874635668667e-05	1.092313407486e-05	4.96467740619576e-05	22522.9992008169
-1.65029136013518	4.35262622142074	2.45626076249299e-05	1.15883136820392e-05	5.20621848908256e-05	22522.9992008169
-1.63090513897141	4.35262622142074	2.59075725219029e-05	1.2293935366523e-05	5.45953899722274e-05	22522.9992008169
-1.61151891780764	4.35262622142074	2.73261811121407e-05	1.30424523531128e-05	5.72521541915008e-05	22522.9992008169
-1.59213269664387	4.35262622142074	2.88224655373224e-05	1.38364661838123e-05	6.00385260922086e-05	22522.9992008169
-1.57274647548009	4.35262622142074	3.04006786815928e-05	1.4678735639631e-05	6.29608519514677e-05	22522.9992008169
-1.55336025431632	4.35262622142074	3.20653062533988e-05	1.55721861948238e-05	6.60257905631829e-05	22522.9992008169
-1.53397403315255	4.35262622142074	3.38210795282755e-05	1.65199200349309e-05	6.92403287655756e-05	22522.9992008169
-1.51458781198878	4.35262622142074	3.56729887887044e-05	1.75252266717881e-05	7.26117977513386e-05	22522.9992008169
-1.49520159082501	4.35262622142074	3.76262974991329e-05	1.85915941905814e-05	7.61478902007907e-05	22522.9992008169
-1.47581536966124	4.35262622142074	3.96865572563252e-05	1.97227211660329e-05	7.98566782805703e-05	22522.9992008169
-1.45642914849747	4.35262622142074	4.1859623557404e-05	2.09225292869245e-05	8.37466325526974e-05	22522.9992008169
-1.4370429273337	4.35262622142074	4.41516724302471e-05	2.21951767304015e-05	8.78266418412409e-05	22522.9992008169
-1.41765670616993	4.35262622142074	4.65692179733415e-05	2.35450723298551e-05	9.21060341063905e-05	22522.9992008169
-1.39827048500616	4.35262622142074	4.91191308547611e-05	2.49768905826691e-05	9.65945983784377e-05	22522.9992008169
-1.37888426384239	4.35262622142074	5.18086578226379e-05	2.64955875467276e-05	0.000101302607807019	22522.9992008169
-1.35949804267862	4.35262622142074	5.46454422823475e-05	2.81064176773425e-05	0.000106240843884012	22522.9992008169
-1.34011182151485	4.35262622142074	5.76375459986394e-05	2.98149516591573e-05	0.000111420621901676	22522.9992008169
-1.32072560035108	4.35262622142074	6.07934719841018e-05	3.16270952906369e-05	0.00011685381771101	22522.9992008169
-1.3013393791873	4.35262622142074	6.41221886386979e-05	3.35491094819685e-05	0.000122552895848924	22522.9992008169
-1.28195315802353	4.35262622142074	6.76331552086232e-05	3.55876314305732e-05	0.000128530939106586	22522.9992008169
-1.26256693685976	4.35262622142074	7.13363486364485e-05	3.7749697041983e-05	0.000134801679615376	22522.9992008169
-1.24318071569599	4.35262622142074	7.52422918784144e-05	4.00427646675642e-05	0.000141379531531164	22522.9992008169
-1.22379449453222	4.35262622142074	7.93620837688681e-05	4.24747402344894e-05	0.000148279625402119	22522.9992008169
-1.20440827336845	4.35262622142074	8.3707430516174e-05	4.5054003847473e-05	0.000155517844310154	22522.9992008169
-1.18502205220468	4.35262622142074	8.82906789189988e-05	4.77894379460976e-05	0.000163110861881145	22522.9992008169
-1.16563583104091	4.35262622142074	9.3124851396695e-05	5.0690457106081e-05	0.000171076182264558	22522.9992008169
-1.14624960987714	4.35262622142074	9.82236829325876e-05	5.37670395775779e-05	0.000179432182188857	22522.9992008169
-1.12686338871337	4.35262622142074	0.000103601660034311	5.70297606585682e-05	0.000188198155205204	22522.9992008169
-1.1074771675496	4.35262622142074	0.000109274061820984	6.04898280065755e-05	0.00019739435823849	22522.9992008169
-1.08809094638583	4.35262622142074	0.000115257003352956	6.4159118997396e-05	0.000207042060571673	22522.9992008169
-1.06870472522206	4.35262622142074	0.000121567481326086	6.80502202451823e-05	0.000217163595396783	22522.9992008169
-1.04931850405828	4.35262622142074	0.000128223422259143	7.217646940415e-05	0.000227782414073817	22522.9992008169
-1.02993228289451	4.35262622142074	0.000135243733309816	7.65519993783506e-05	0.0002389231432471	22522.9992008169
-1.01054606173074	4.35262622142074	0.000142648355862142	8.1191785072387e-05	0.000250611644977659	22522.9992008169
-0.991159840566973	4.35262622142074	0.000150458322035874	8.61116928226364e-05	0.000262875080059618	22522.9992008169
-0.971773619403202	4.35262622142074	0.000158695814276368	9.13285326555111e-05	0.000275741974698794	22522.9992008169
-0.952387398239431	4.35262622142074	0.000167384228192143	9.68601135265068e-05	0.000289242290742524	22522.9992008169
-0.93300117707566	4.35262622142074	0.000176548238816203	0.000102725301701279	0.000303407499661261	22522.9992008169
-0.91361495591189	4.35262622142074	0.000186213870476695	0.000108944082447732	0.000318270660494885	22522.9992008169
-0.894228734748119	4.35262622142074	0.000196408570472407	0.000115537625216149	0.00033386650198984	22522.9992008169
-0.874842513584348	4.35262622142074	0.000207161286759057	0.0001225283524926	0.000350231509167321	22522.9992008169
-0.855456292420578	4.35262622142074	0.00021850254986338	0.000129940012519451	0.000367404014577838	22522.9992008169
-0.836070071256807	4.35262622142074	0.000230464559253557	0.000137797756085487	0.000385424294513652	22522.9992008169
-0.816683850093036	4.35262622142074	0.000243081274406753	0.000146128217597165	0.000404334670467835	22522.9992008169
-0.797297628929265	4.35262622142074	0.000256388510827326	0.000154959600651676	0.000424179616147283	22522.9992008169
-0.777911407765495	4.35262622142074	0.000270424041282743	0.000164321768341841	0.000445005870366818	22522.9992008169
-0.758525186601724	4.35262622142074	0.000285227702538446	0.000174246338532411	0.000466862556172858	22522.9992008169
-0.739138965437953	4.35262622142074	0.000300841507887736	0.000184766784356932	0.000489801306567902	22522.9992008169
-0.719752744274182	4.35262622142074	0.000317309765788467	0.000195918540194087	0.000513876397231626	22522.9992008169
-0.700366523110412	4.35262622142074	0.000334679204934752	0.000207739113392214	0.000539144886660678	22522.9992008169
-0.680980301946641	4.35262622142074	0.000352999106109161	0.000220268202020411	0.000565666764177447	22522.9992008169
-0.66159408078287	4.35262622142074	0.000372321441179045	0.000233547818934409	0.000593505106288472	22522.9992008169
-0.642207859619099	4.35262622142074	0.000392701019619695	0.000247622422454952	0.000622726241905708	22522.9992008169
-0.622821638455329	4.35262622142074	0.00041419564296699	0.00026253905396579	0.000653399926978863	22522.9992008169
-0.603435417291558	4.35262622142074	0.00043686626762325	0.000278347482747559	0.000685599529124698	22522.9992008169
-0.584049196127787	4.35262622142074	0.000460777176461974	0.000295100358372512	0.000719402222879603	22522.9992008169
-0.564662974964017	4.35262622142074	0.000485996159700258	0.00031285337099339	0.000754889196245274	22522.9992008169
-0.545276753800246	4.35262622142074	0.000512594705531928	0.000331665419867391	0.000792145869244076	22522.9992008169
-0.525890532636475	4.35262622142074	0.000540648201039733	0.000351598790463215	0.000831262125250934	22522.9992008169
-0.506504311472704	4.35262622142074	0.000570236143931617	0.000372719340505326	0.000872332555922667	22522.9992008169
-0.487118090308934	4.35262622142074	0.000601442365673844	0.000395096695314772	0.000915456720603717	22522.9992008169
-0.467731869145163	4.35262622142074	0.000634355266622958	0.000418804452809972	0.000960739421149648	22522.9992008169
-0.448345647981392	4.35262622142074	0.000669068063789006	0.000443920398533655	0.00100829099317678	22522.9992008169
-0.428959426817622	4.35262622142074	0.000705679051894358	0.000470526731073459	0.00105822761481826	22522.9992008169
-0.409573205653851	4.35262622142074	0.000744291878425783	0.000498710298243403	0.00111067163414403	22522.9992008169
-0.39018698449008	4.35262622142074	0.000785015833412239	0.000528562844391278	0.00116575191648487	22522.9992008169
-0.370800763326309	4.35262622142074	0.000827966154697169	0.0005601812691929	0.00122360421298915	22522.9992008169
-0.351414542162539	4.35262622142074	0.000873264349512027	0.00059366789828787	0.00128437155183576	22522.9992008169
-0.332028320998768	4.35262622142074	0.000921038533197266	0.000629130766102808	0.00134820465362798	22522.9992008169
-0.312642099834997	4.35262622142074	0.000971423785958159	0.000666683911196903	0.0014152623726005	22522.9992008169
-0.293255878671226	4.35262622142074	0.00102456252858573	0.000706447684450839	0.00148571216538743	22522.9992008169
-0.273869657507456	4.35262622142074	0.00108060491811759	0.000748549070403626	0.00155973058922062	22522.9992008169
-0.254483436343685	4.35262622142074	0.00113970926445978	0.00079312202202258	0.00163750383155758	22522.9992008169
-0.235097215179914	4.35262622142074	0.00120204246903869	0.00084030780916961	0.00171922827327472	22522.9992008169
-0.215710994016143	4.35262622142074	0.00126778048660222	0.000890255381002185	0.00180511108770648	22522.9992008169
-0.196324772852373	4.35262622142074	0.00133710881134036	0.000943121742519941	0.00189537087796219	22522.9992008169
-0.176938551688602	4.35262622142074	0.00141022298854937	0.00099907234543839	0.00199023835511148	22522.9992008169
-0.157552330524831	4.35262622142074	0.00148732915311823	0.00105828149353951	0.00208995705999427	22522.9992008169
-0.138166109361061	4.35262622142074	0.0015686445961731	0.00112093276261633	0.00219478413158316	22522.9992008169
-0.11877988819729	4.35262622142074	0.00165439836127388	0.00118721943509508	0.00230499112500249	22522.9992008169
-0.0993936670335192	4.35262622142074	0.00174483187161682	0.00125734494938546	0.00242086488248967	22522.9992008169
-0.0800074458697484	4.35262622142074	0.00184019958975887	0.0013315233639779	0.00254270846076803	22522.9992008169
-0.0606212247059776	4.35262622142074	0.00194076971144198	0.00140997983627805	0.00267084211848594	22522.9992008169
-0.0412350035422069	4.35262622142074	0.00204682489516013	0.00149295111614475	0.00280560436756123	22522.9992008169
-0.0218487823784361	4.35262622142074	0.00215866302917647	0.00158068605407961	0.00294735309245149	22522.9992008169
-0.00246256121466537	4.35262622142074	0.00227659803776472	0.00167344612400828	0.0030964667415469	22522.9992008169
0.0169236599491054	4.35262622142074	0.00240096072851505	0.00177150596059505	0.00325334559504877	22522.9992008169
0.0363098811128761	4.35262622142074	0.00253209968261211	0.00187515391104935	0.00341841311385237	22522.9992008169
0.0556961022766469	4.35262622142074	0.00267038219005988	0.00198469260141578	0.00359211737409102	22522.9992008169
0.0750823234404177	4.35262622142074	0.00281619523189473	0.00210043951739284	0.0037749325921176	22522.9992008169
0.0944685446041884	4.35262622142074	0.00296994651149395	0.00222272759980182	0.00396736074479378	22522.9992008169
0.113854765767959	4.35262622142074	0.00313206553715184	0.00235190585493025	0.00416993329002364	22522.9992008169
0.133240986931729	4.35262622142074	0.00330300475815791	0.00248833998010607	0.00438321299250075	22522.9992008169
0.1526272080955	4.35262622142074	0.00348324075667216	0.00263241300502158	0.00460779585963364	22522.9992008169
0.172013429259271	4.35262622142074	0.00367327549774904	0.00278452594952266	0.00484431319256943	22522.9992008169
0.191399650423042	4.35262622142074	0.00387363763991458	0.00294509849880883	0.00509343375714605	22522.9992008169
0.210785871586813	4.35262622142074	0.00408488390874843	0.00311456969725292	0.00535586607946774	22522.9992008169
0.230172092750583	4.35262622142074	0.00430760053596391	0.00329339866234462	0.00563236087061526	22522.9992008169
0.249558313914354	4.35262622142074	0.00454240476651291	0.00348206532058498	0.00592371358477191	22522.9992008169
0.268944535078125	4.35262622142074	0.00478994643626736	0.00368107116750455	0.00623076711476932	22522.9992008169
0.288330756241896	4.35262622142074	0.00505090962284317	0.00389094005433803	0.00655441462873804	22522.9992008169
0.307716977405666	4.35262622142074	0.00532601437213498	0.00411221900425346	0.00689560255119092	22522.9992008169
0.327103198569437	4.35262622142074	0.0056160185031182	0.00434547906139198	0.00725533369147829	22522.9992008169
0.346489419733208	4.35262622142074	0.00592171949344615	0.00459131617631071	0.00763467052214142	22522.9992008169
0.365875640896979	4.35262622142074	0.00624395644832393	0.00485035213172202	0.00803473860926275	22522.9992008169
0.385261862060749	4.35262622142074	0.00658361215507199	0.00512323551266894	0.00845673019647577	22522.9992008169
0.40464808322452	4.35262622142074	0.00694161522569993	0.00541064272545359	0.00890190794386318	22522.9992008169
0.42403430438829	4.35262622142074	0.00731894232969135	0.00571327906972651	0.0093716088225451	22522.9992008169
0.443420525552061	4.35262622142074	0.00771662051904953	0.00603187986813454	0.00986724816534205	22522.9992008169
0.462806746715832	4.35262622142074	0.00813572964746745	0.00636721165780223	0.0103903238734923	22522.9992008169
0.482192967879603	4.35262622142074	0.00857740488526091	0.00672007344767833	0.0109424207790022	22522.9992008169
0.501579189043373	4.35262622142074	0.009042839331434	0.0070912980454107	0.0115252151618028	22522.9992008169
0.520965410207144	4.35262622142074	0.00953328672392829	0.00748175345692153	0.0121404794204562	22522.9992008169
0.540351631370915	4.35262622142074	0.0100500642487337	0.0078923443612471	0.012790086894679	22522.9992008169
0.559737852534686	4.35262622142074	0.0105945554481066	0.00832401366249555	0.0134760168373925	22522.9992008169
0.579124073698456	4.35262622142074	0.0111682132276385	0.00877774411997789	0.0142003595333374	22522.9992008169
0.598510294862227	4.35262622142074	0.0117725629613456	0.00925456005670455	0.0149653215604527	22522.9992008169
0.617896516025998	4.35262622142074	0.0124092056932911	0.00975552914553619	0.0157732311891755	22522.9992008169
0.637282737189769	4.35262622142074	0.0130798214335067	0.0102817642713569	0.0166265439135102	22522.9992008169
0.656668958353539	4.35262622142074	0.0137861725451339	0.0108344254667267	0.0175278481060983	22522.9992008169
0.67605517951731	4.35262622142074	0.014530107218753	0.0114147219175887	0.0184798707875302	22522.9992008169
0.695441400681081	4.35262622142074	0.0153135630287972	0.0120239140347765	0.0194854834977487	22522.9992008169
0.714827621844852	4.35262622142074	0.0161385705657508	0.0126633155862955	0.0205477082545252	22522.9992008169
0.734213843008622	4.35262622142074	0.0170072571364935	0.0133342958846546	0.0216697235806362	22522.9992008169
0.753600064172393	4.35262622142074	0.0179218505236686	0.0140382820228946	0.0228548705774651	22522.9992008169
0.772986285336164	4.35262622142074	0.0188846827933009	0.0147767611523972	0.0241066590182933	22522.9992008169
0.792372506499934	4.35262622142074	0.0198981941380771	0.0155512827950472	0.0254287734294888	22522.9992008169
0.811758727663705	4.35262622142074	0.0209649367416901	0.0163634611818527	0.0268250791221404	22522.9992008169
0.831144948827476	4.35262622142074	0.0220875786474538	0.0172149776096725	0.0282996281304023	22522.9992008169
0.850531169991247	4.35262622142074	0.0232689076119822	0.0181075828072487	0.029856665005902	22522.9992008169
0.869917391155017	4.35262622142074	0.0245118349221033	0.0190430993012591	0.0315006324100223	22522.9992008169
0.889303612318788	4.35262622142074	0.0258193991503202	0.0200234237725762	0.0332361764376971	22522.9992008169
0.908689833482559	4.35262622142074	0.0271947698210382	0.021050529392323	0.0350681515975628	22522.9992008169
0.92807605464633	4.35262622142074	0.0286412509564382	0.022126468126626	0.0370016253639134	22522.9992008169
0.9474622758101	4.35262622142074	0.0301622844672847	0.0232533729981794	0.0390418822059179	22522.9992008169
0.966848496973871	4.35262622142074	0.0317614533501113	0.0244334602918219	0.0411944269890312	22522.9992008169
0.986234718137642	4.35262622142074	0.0334424846481267	0.0256690316902964	0.0434649876324971	22522.9992008169
1.00562093930141	4.35262622142074	0.0352092521288352	0.0269624763251922	0.0458595168953727	22522.9992008169
1.02500716046518	4.35262622142074	0.0370657786267689	0.0283162727267677	0.0483841931516912	22522.9992008169
1.04439338162895	4.35262622142074	0.0390162379949112	0.0297329906549083	0.0510454200033248	22522.9992008169
1.06377960279272	4.35262622142074	0.0410649566033587	0.0312152927919042	0.0538498245669613	22522.9992008169
1.0831658239565	4.35262622142074	0.0432164143185584	0.0327659362760293	0.056804254259535	22522.9992008169
1.10255204512027	4.35262622142074	0.0454752448911046	0.0343877740530788	0.0599157718946782	22522.9992008169
1.12193826628404	4.35262622142074	0.0478462356746252	0.0360837560210928	0.0631916488915313	22522.9992008169
1.14132448744781	4.35262622142074	0.0503343265927938	0.0378569299414551	0.0666393563868808	22522.9992008169
1.16071070861158	4.35262622142074	0.0529446082660425	0.0397104420874429	0.0702665540324445	22522.9992008169
1.18009692977535	4.35262622142074	0.0556823192041985	0.0416475375991093	0.0740810762516005	22522.9992008169
1.19948315093912	4.35262622142074	0.0585528419661239	0.0436715605111423	0.0780909157244357	22522.9992008169
1.21886937210289	4.35262622142074	0.0615616981826335	0.0457859534180743	0.0823042038672043	22522.9992008169
1.23825559326666	4.35262622142074	0.0647145423346014	0.0479942567389359	0.0867291880727113	22522.9992008169
1.25764181443043	4.35262622142074	0.0680171541744306	0.0503001075411929	0.0913742054824286	22522.9992008169
1.2770280355942	4.35262622142074	0.0714754296760935	0.0527072378816002	0.0962476530699793	22522.9992008169
1.29641425675797	4.35262622142074	0.0750953703969557	0.0552194726194842	0.101357953829726	22522.9992008169
1.31580047792174	4.35262622142074	0.078883071133784	0.0578407266559761	0.106713518884318	22522.9992008169
1.33518669908552	4.35262622142074	0.0828447057559311	0.0605750015508882	0.112322705351928	22522.9992008169
1.35457292024929	4.35262622142074	0.0869865111009318	0.0634263814673233	0.118193769848302	22522.9992008169
1.37395914141306	4.35262622142074	0.0913147688219064	0.0663990283927685	0.124334817541294	22522.9992008169
1.39334536257683	4.35262622142074	0.095835785082508	0.069497176584425	0.130753746726936	22522.9992008169
1.4127315837406	4.35262622142074	0.100555868003953	0.0727251261859147	0.137458188956684	22522.9992008169
1.43211780490437	4.35262622142074	0.105481302780228	0.0760872359623663	0.144455444815712	22522.9992008169
1.45150402606814	4.35262622142074	0.11061832439215	0.0795879151012844	0.151752415531966	22522.9992008169
1.47089024723191	4.35262622142074	0.115973087868788	0.0832316140276256	0.159355530685087	22522.9992008169
1.49027646839568	4.35262622142074	0.121551636066168	0.087022814183237	0.16727067238267	22522.9992008169
1.50966268955945	4.35262622142074	0.127359864958272	0.0909660167233318	0.175503096377812	22522.9992008169
1.52904891072322	4.35262622142074	0.133403486464338	0.0950657300860807	0.18405735071522	22522.9992008169
1.54843513188699	4.35262622142074	0.139687988869419	0.0993264563957745	0.192937192611465	22522.9992008169
1.56782135305076	4.35262622142074	0.146218594932142	0.103752676665446	0.202145504396131	22522.9992008169
1.58720757421453	4.35262622142074	0.153000217814413	0.10834883477143	0.211684209461653	22522.9992008169
1.6065937953783	4.35262622142074	0.160037415012441	0.113119320180142	0.221554189287514	22522.9992008169
1.62598001654208	4.35262622142074	0.167334340516349	0.118068449416466	0.23175520271515	22522.9992008169
1.64536623770585	4.35262622142074	0.174894695476583	0.123200446273614	0.242285808749523	22522.9992008169
1.66475245886962	4.35262622142074	0.18272167770848	0.128519420776186	0.253143294247152	22522.9992008169
1.68413868003339	4.35262622142074	0.190817930421082	0.134029346921442	0.264323607913915	22522.9992008169
1.70352490119716	4.35262622142074	0.199185490611575	0.139734039238574	0.27582130207449	22522.9992008169
1.72291112236093	4.35262622142074	0.207825737621404	0.145637128221843	0.287629483684359	22522.9992008169
1.7422973435247	4.35262622142074	0.216739342402995	0.151742034711007	0.299739776030803	22522.9992008169
1.76168356468847	4.35262622142074	0.225926218095524	0.158051943311185	0.312142292507851	22522.9992008169
1.78106978585224	4.35262622142074	0.235385472552823	0.1645697749642	0.32482562374916	22522.9992008169
1.80045600701601	4.35262622142074	0.245115363504583	0.171298158804339	0.337776839260922	22522.9992008169
1.81984222817978	4.35262622142074	0.255113257061789	0.178239403453017	0.350981504513987	22522.9992008169
1.83922844934355	4.35262622142074	0.265375590297028	0.185395467928954	0.36442371423208	22522.9992008169
1.85861467050732	4.35262622142074	0.275897838638338	0.192767932372711	0.378086142354231	22522.9992008169
1.8780008916711	4.35262622142074	0.286674488809914	0.200357968806439	0.391950108859251	22522.9992008169
1.89738711283487	4.35262622142074	0.297699018033042	0.208166312171177	0.405995663324717	22522.9992008169
1.91677333399864	4.35262622142074	0.308963880164826	0.216193231904331	0.420201684760435	22522.9992008169
1.93615955516241	4.35262622142074	0.32046049939997	0.224438504338804	0.434545996915981	22522.9992008169
1.95554577632618	4.35262622142074	0.332179272091646	0.232901386221906	0.449005497924003	22522.9992008169
1.97493199748995	4.35262622142074	0.344109577161458	0.241580589666256	0.463556302816162	22522.9992008169
1.99431821865372	4.35262622142074	0.3562397954664	0.250474258855728	0.478173897147887	22522.9992008169
2.01370443981749	4.35262622142074	0.368557338373625	0.259579948836614	0.492833299702005	22522.9992008169
2.03309066098126	4.35262622142074	0.381048685663653	0.268894606726973	0.507509232019287	22522.9992008169
2.05247688214503	4.35262622142074	0.393699432741653	0.278414555675198	0.522176292334324	22522.9992008169
2.0718631033088	4.35262622142074	0.406494346987468	0.2881354818916	0.536809131384235	22522.9992008169
2.09124932447257	4.35262622142074	0.419417432921514	0.298052425064069	0.551382627509752	22522.9992008169
2.11063554563634	4.35262622142074	0.43245200570913	0.308159772450171	0.565872058485106	22522.9992008169
2.13002176680011	4.35262622142074	0.445580772374477	0.318451256913373	0.580253267594176	22522.9992008169
2.14940798796388	4.35262622142074	0.458785919950593	0.328919959140366	0.594502821612595	22522.9992008169
2.16879420912766	4.35262622142074	0.472049209658801	0.339558314239721	0.608598158553422	22522.9992008169
2.18818043029143	4.35262622142074	0.485352076092227	0.350358122879767	0.622517723280414	22522.9992008169
2.2075666514552	4.35262622142074	0.498675730278122	0.36131056707594	0.636241089378768	22522.9992008169
2.22695287261897	4.35262622142074	0.512001265415068	0.372406230685553	0.64974906598841	22522.9992008169
2.24633909378274	4.35262622142074	0.525309764026483	0.383635124611696	0.663023788638662	22522.9992008169
2.26572531494651	4.35262622142074	0.538582405242659	0.394986716658794	0.676048793464524	22522.9992008169
2.28511153611028	4.35262622142074	0.551800570920932	0.406449965921044	0.688809074523266	22522.9992008169
2.30449775727405	4.35262622142074	0.564945949337501	0.418013361522954	0.701291124255671	22522.9992008169
2.32388397843782	4.35262622142074	0.578000635234173	0.429664965469467	0.713482957440496	22522.9992008169
2.34327019960159	4.35262622142074	0.590947225077298	0.441392459303149	0.72537411926622	22522.9992008169
2.36265642076536	4.35262622142074	0.603768906482196	0.453183194208846	0.736955678385239	22522.9992008169
2.38204264192913	4.35262622142074	0.61644954087142	0.465024244153408	0.748220206018435	22522.9992008169
2.4014288630929	4.35262622142074	0.628973738565977	0.476902461600673	0.759161742340171	22522.9992008169
2.42081508425668	4.35262622142074	0.641326925651153	0.488804535301147	0.76977575149454	22522.9992008169
2.44020130542045	4.35262622142074	0.653495402109089	0.500717049622533	0.780059066673951	22522.9992008169
2.45958752658422	4.35262622142074	0.665466390864464	0.512626544862394	0.790009826732813	22522.9992008169
2.47897374774799	4.35262622142074	0.677228077543691	0.524519577968311	0.799627405815289	22522.9992008169
2.49835996891176	4.35262622142074	0.688769640898206	0.53638278308436	0.808912337450618	22522.9992008169
2.51774619007553	4.35262622142074	0.700081273985222	0.548202931345702	0.81786623451663	22522.9992008169
2.5371324112393	4.35262622142074	0.711154196331882	0.559966989355537	0.826491706396595	22522.9992008169
2.55651863240307	4.35262622142074	0.721980657428579	0.571662175800211	0.834792274560956	22522.9992008169
2.57590485356684	4.35262622142074	0.732553932002414	0.5832760156885	0.842772287698571	22522.9992008169
2.59529107473061	4.35262622142074	0.742868307611056	0.594796391739074	0.85043683740612	22522.9992008169
2.61467729589438	4.35262622142074	0.752919065169845	0.606211592485177	0.857791675323314	22522.9992008169
2.63406351705815	4.35262622142074	0.762702453080667	0.617510356716375	0.864843132479014	22522.9992008169
2.65344973822192	4.35262622142074	0.772215655670112	0.628681913932788	0.871598041492411	22522.9992008169
2.6728359593857	4.35262622142074	0.781456756667515	0.639716020546154	0.878063662156542	22522.9992008169
2.69222218054947	4.35262622142074	0.790424698461546	0.650602991623214	0.884247610820637	22522.9992008169
2.71160840171324	4.35262622142074	0.79911923786861	0.661333728028822	0.890157793884708	22522.9992008169
2.73099462287701	4.35262622142074	0.807540899128739	0.671899738887741	0.895802345625374	22522.9992008169
2.75038084404078	4.35262622142074	0.815690924816779	0.682293159344071	0.901189570486983	22522.9992008169
2.76976706520455	4.35262622142074	0.823571225320102	0.692506763654543	0.906327889896856	22522.9992008169
2.78915328636832	4.35262622142074	0.831184327490602	0.70253397370568	0.911225793597993	22522.9992008169
2.80853950753209	4.35262622142074	0.838533323030048	0.712368863094121	0.915891795436691	22522.9992008169
2.82792572869586	4.35262622142074	0.845621817115555	0.722006156953714	0.920334393495702	22522.9992008169
2.84731194985963	4.35262622142074	0.852453877717499	0.731441227751762	0.924562034425346	22522.9992008169
2.8666981710234	4.35262622142074	0.85903398600693	0.740670087309689	0.928583081794692	22522.9992008169
2.88608439218717	4.35262622142074	0.865366988194644	0.749689375330325	0.932405788261778	22522.9992008169
2.90547061335094	4.35262622142074	0.871458049090504	0.758496344734874	0.936038271345149	22522.9992008169
2.92485683451471	4.35262622142074	0.877312607620206	0.767088844127591	0.939488492567993	22522.9992008169
2.94424305567849	4.35262622142074	0.882936334488115	0.775465297715442	0.942764239740005	22522.9992008169
2.96362927684226	4.35262622142074	0.888335092129494	0.783624683013982	0.945873112140235	22522.9992008169
2.98301549800603	4.35262622142074	0.893514897053875	0.791566506669639	0.948822508365817	22522.9992008169
3.0024017191698	4.35262622142074	0.898481884643564	0.799290778723147	0.95161961661597	22522.9992008169
3.02178794033357	4.35262622142074	0.903242276437509	0.806797985629441	0.954271407187594	22522.9992008169
3.04117416149734	4.35262622142074	0.907802349901009	0.814089062336562	0.956784626967449	22522.9992008169
3.06056038266111	4.35262622142074	0.912168410655842	0.821165363710436	0.959165795716047	22522.9992008169
3.07994660382488	4.35262622142074	0.91634676712331	0.828028635574523	0.961421203949439	22522.9992008169
3.09933282498865	4.35262622142074	0.920343707514153	0.834680985613625	0.963556912236846	22522.9992008169
3.11871904615242	4.35262622142074	0.924165479084046	0.841124854370212	0.96557875174418	22522.9992008169
3.13810526731619	4.35262622142074	0.927818269561326	0.84736298653996	0.967492325865735	22522.9992008169
3.15749148847996	4.35262622142074	0.931308190644204	0.853398402751096	0.969303012798493	22522.9992008169
3.17687770964373	4.35262622142074	0.934641263457933	0.859234371990126	0.971015968925407	22522.9992008169
3.1962639308075	4.35262622142074	0.937823405857859	0.864874384814869	0.972636132885608	22522.9992008169
3.21565015197128	4.35262622142074	0.940860421461617	0.870322127474652	0.974168230220566	22522.9992008169
3.23503637313505	4.35262622142074	0.943757990292905	0.875581457037389	0.975616778495862	22522.9992008169
3.25442259429882	4.35262622142074	0.946521660919762	0.880656377604175	0.976986092808183	22522.9992008169
3.27380881546259	4.35262622142074	0.949156843972094	0.885551017674127	0.978280291596608	22522.9992008169
3.29319503662636	4.35262622142074	0.951668806925946	0.89026960870563	0.979503302685979	22522.9992008169
3.31258125779013	4.35262622142074	0.954062670045662	0.89481646490499	0.980658869498324	22522.9992008169
3.3319674789539	4.35262622142074	0.95634340337927	0.899195964259664	0.981750557375835	22522.9992008169
3.35135370011767	4.35262622142074	0.958515824707209	0.903412530820918	0.982781759965786	22522.9992008169
3.37073992128144	4.35262622142074	0.960584598349566	0.907470618229795	0.983755705624141	22522.9992008169
3.39012614244521	4.35262622142074	0.962554234742329	0.911374694470689	0.984675463800373	22522.9992008169
3.40951236360898	4.35262622142074	0.964429090698596	0.915129227828534	0.985543951371216	22522.9992008169
3.42889858477275	4.35262622142074	0.966213370276187	0.918738674018585	0.986363938895859	22522.9992008169
3.44828480593652	4.35262622142074	0.967911126178562	0.922207464451907	0.987138056769306	22522.9992008169
3.46767102710029	4.35262622142074	0.969526261621322	0.925539995594887	0.987868801254477	22522.9992008169
3.48705724826407	4.35262622142074	0.971062532601834	0.928740619377302	0.988558540377047	22522.9992008169
3.50644346942784	4.35262622142074	0.972523550514556	0.931813634600599	0.989209519670027	22522.9992008169
3.52582969059161	4.35262622142074	0.973912785059536	0.934763279295967	0.989823867757825	22522.9992008169
3.54521591175538	4.35262622142074	0.975233567396171	0.937593723980462	0.990403601771881	22522.9992008169
3.56460213291915	4.35262622142074	0.976489093498736	0.940309065758751	0.990950632592071	22522.9992008169
3.58398835408292	4.35262622142074	0.977682427674327	0.942913323217913	0.991466769909899	22522.9992008169
3.60337457524669	4.35262622142074	0.978816506207756	0.945410432063114	0.991953727111087	22522.9992008169
3.62276079641046	4.35262622142074	0.979894141101593	0.947804241442742	0.992413125976568	22522.9992008169
3.64214701757423	4.35262622142074	0.980918023882934	0.950098510912729	0.992846501202046	22522.9992008169
3.661533238738	4.35262622142074	0.981890729451593	0.9522969079912	0.993255304737329	22522.9992008169
3.68091945990177	4.35262622142074	0.982814719947361	0.954403006256252	0.993640909947473	22522.9992008169
3.70030568106554	4.35262622142074	0.983692348616611	0.956420283941495	0.994004615598525	22522.9992008169
3.71969190222931	4.35262622142074	0.984525863660991	0.958352122985974	0.994347649671233	22522.9992008169
3.73907812339309	4.35262622142074	0.985317412053194	0.960201808497164	0.994671173006585	22522.9992008169
3.75846434455686	4.35262622142074	0.986069043306826	0.961972528587871	0.994976282787453	22522.9992008169
3.77785056572063	4.35262622142074	0.986782713189259	0.96366737455006	0.995264015860904	22522.9992008169
3.7972367868844	4.35262622142074	0.987460287368019	0.965289341330793	0.995535351906006	22522.9992008169
3.81662300804817	4.35262622142074	0.988103544982808	0.966841328277674	0.99579121645211	22522.9992008169
3.83600922921194	4.35262622142074	0.988714182136585	0.968326140123303	0.996032483752736	22522.9992008169
3.85539545037571	4.35262622142074	0.989293815300388	0.969746488180352	0.996259979520219	22522.9992008169
3.87478167153948	4.35262622142074	0.989843984627654	0.971104991720915	0.996474483526359	22522.9992008169
3.89416789270325	4.35262622142074	0.990366157174788	0.972404179515744	0.99667673207426	22522.9992008169
3.91355411386702	4.35262622142074	0.990861730025572	0.973646491510876	0.996867420346547	22522.9992008169
3.93294033503079	4.35262622142074	0.991332033317803	0.974834280620964	0.997047204635061	22522.9992008169
3.95232655619456	4.35262622142074	0.991778333171191	0.975969814620338	0.997216704457075	22522.9992008169
3.97171277735833	4.35262622142074	0.992201834516158	0.977055278114468	0.997376504562956	22522.9992008169
3.99109899852211	4.35262622142074	0.992603683823695	0.978092774576023	0.997527156840095	22522.9992008169
4.01048521968587	4.35262622142074	0.992984971736865	0.979084328431192	0.997669182117794	22522.9992008169
4.02987144084965	4.35262622142074	0.993346735604938	0.980031887183273	0.997803071877686	22522.9992008169
4.04925766201342	4.35262622142074	0.993689961921471	0.980937323561826	0.997929289874087	22522.9992008169
4.06864388317719	4.35262622142074	0.994015588667913	0.981802437686869	0.998048273668571	22522.9992008169
4.08803010434096	4.35262622142074	0.994324507564571	0.982628959238691	0.998160436082891	22522.9992008169
4.10741632550473	4.35262622142074	0.994617566230936	0.983418549624895	0.998266166574222	22522.9992008169
4.1268025466685	4.35262622142074	0.994895570257557	0.984172804137227	0.998365832536547	22522.9992008169
4.14618876783227	4.35262622142074	0.995159285191752	0.984893254091605	0.998459780531875	22522.9992008169
4.16557498899604	4.35262622142074	0.995409438439562	0.985581368945606	0.998548337454798	22522.9992008169
4.18496121015981	4.35262622142074	0.995646721086403	0.986238558388349	0.998631811633782	22522.9992008169
4.20434743132358	4.35262622142074	0.995871789638957	0.986866174398455	0.99871049387242	22522.9992008169
4.22373365248735	4.35262622142074	0.996085267690833	0.987465513266329	0.998784658433729	22522.9992008169
4.24311987365112	4.35262622142074	0.996287747514584	0.988037817577594	0.998854563970464	22522.9992008169
4.26250609481489	4.35262622142074	0.996479791582626	0.988584278155027	0.998920454404247	22522.9992008169
4.28189231597867	4.35262622142074	0.996661934019641	0.989106035956796	0.998982559756215	22522.9992008169
4.30127853714244	4.35262622142074	0.996834681988972	0.989604183929216	0.999041096931736	22522.9992008169
4.32066475830621	4.35262622142074	0.996998517015522	0.990079768812633	0.999096270461637	22522.9992008169
4.34005097946998	4.35262622142074	0.997153896247624	0.990533792899374	0.999148273202267	22522.9992008169
4.35943720063375	4.35262622142074	0.997301253660278	0.990967215743009	0.999197286996596	22522.9992008169
4.37882342179752	4.35262622142074	0.997441001202133	0.991380955818441	0.999243483298448	22522.9992008169
4.39820964296129	4.35262622142074	0.997573529888518	0.991775892132584	0.999287023761868	22522.9992008169
4.41759586412506	4.35262622142074	0.997699210842762	0.992152865785602	0.999328060797502	22522.9992008169
4.43698208528883	4.35262622142074	0.997818396287994	0.99251268148287	0.999366738097803	22522.9992008169
4.4563683064526	4.35262622142074	0.99793142049154	0.992856108997995	0.999403191132744	22522.9992008169
4.47575452761637	4.35262622142074	0.998038600663973	0.99318388458735	0.999437547617672	22522.9992008169
4.49514074878014	4.35262622142074	0.998140237814808	0.993496712356749	0.999469927954834	22522.9992008169
4.51452696994391	4.35262622142074	0.998236617566751	0.993795265580942	0.999500445650004	22522.9992008169
4.53391319110769	4.35262622142074	0.99832801093037	0.994080187976757	0.999529207705616	22522.9992008169
4.55329941227146	4.35262622142074	0.998414675040965	0.994352094930752	0.999556314991683	22522.9992008169
4.57268563343523	4.35262622142074	0.998496853859365	0.994611574682322	0.999581862595737	22522.9992008169
4.592071854599	4.35262622142074	0.998574778838296	0.994859189463275	0.999605940152977	22522.9992008169
4.61145807576277	4.35262622142074	0.998648669555928	0.995095476594909	0.999628632157687	22522.9992008169
4.63084429692654	4.35262622142074	0.998718734318116	0.995320949543658	0.99965001825702	22522.9992008169
4.65023051809031	4.35262622142074	0.998785170730798	0.995536098936436	0.999670173528088	22522.9992008169
4.66961673925408	4.35262622142074	0.998848166243977	0.995741393536776	0.999689168739328	22522.9992008169
4.68900296041785	4.35262622142074	0.998907898668608	0.995937281182908	0.999707070596999	22522.9992008169
4.70838918158162	4.35262622142074	0.998964536667695	0.996124189688917	0.999723941977673	22522.9992008169
4.72777540274539	4.35262622142074	0.99901824022283	0.996302527710119	0.999739842147474	22522.9992008169
4.74716162390916	4.35262622142074	0.999069161077356	0.996472685573787	0.999754826968851	22522.9992008169
4.76654784507293	4.35262622142074	0.99911744315728	0.996635036076365	0.999768949095549	22522.9992008169
4.7859340662367	4.35262622142074	0.999163222971014	0.996789935248283	0.999782258156473	22522.9992008169
4.80532028740048	4.35262622142074	0.999206629988984	0.996937723087474	0.999794800929065	22522.9992008169
4.82470650856425	4.35262622142074	0.999247787004073	0.997078724262686	0.999806621502773	22522.9992008169
4.84409272972802	4.35262622142074	0.99928681047386	0.99721324878765	0.999817761433197	22522.9992008169
4.86347895089179	4.35262622142074	0.999323810845527	0.997341592667169	0.999828259887426	22522.9992008169
4.88286517205556	4.35262622142074	0.999358892864311	0.997464038516122	0.999838153781059	22522.9992008169
4.90225139321933	4.35262622142074	0.999392155866294	0.99758085615242	0.999847477907406	22522.9992008169
4.9216376143831	4.35262622142074	0.999423694056324	0.997692303164866	0.999856265059287	22522.9992008169
4.94102383554687	4.35262622142074	0.999453596771795	0.99779862545689	0.999864546143872	22522.9992008169
4.96041005671064	4.35262622142074	0.999481948733005	0.997900057767066	0.999872350290934	22522.9992008169
4.97979627787441	4.35262622142074	0.999508830280739	0.997996824167336	0.999879704954921	22522.9992008169
4.99918249903818	4.35262622142074	0.999534317601744	0.998089138539793	0.999886636011164	22522.9992008169
5.01856872020195	4.35262622142074	0.999558482942678	0.99817720503288	0.999893167846589	22522.9992008169
5.03795494136572	4.35262622142074	0.999581394813134	0.998261218497835	0.999899323445222	22522.9992008169
5.05734116252949	4.35262622142074	0.999603118178271	0.998341364906159	0.999905124468792	22522.9992008169
5.07672738369327	4.35262622142074	0.999623714641586	0.998417821748888	0.999910591332718	22522.9992008169
5.09611360485704	4.35262622142074	0.999643242618323	0.998490758418413	0.999915743277732	22522.9992008169
5.11549982602081	4.35262622142074	0.999661757499992	0.998560336573557	0.999920598437403	22522.9992008169
5.13488604718458	4.35262622142074	0.999679311810446	0.998626710488603	0.999925173901774	22522.9992008169
5.15427226834835	4.35262622142074	0.999695955353946	0.998690027386948	0.99992948577736	22522.9992008169
5.17365848951212	4.35262622142074	0.999711735355625	0.998750427760019	0.999933549243694	22522.9992008169
5.19304471067589	4.35262622142074	0.999726696594729	0.998808045672071	0.999937378606629	22522.9992008169
5.21243093183966	4.35262622142074	0.999740881531006	0.998863009051467	0.999940987348582	22522.9992008169
